customer_id,first_name,last_name,gender,birth_date,email,city,country,registration_date,loyalty_tier
1,James,Molina,M,1999-08-13,cainjacqueline@hotmail.com,Bernardhaven,Jersey,2025-01-04,Bronze
2,Megan,Banks,M,1991-10-15,fieldslindsay@yahoo.com,Georgetown,Western Sahara,2025-10-25,Silver
3,Rebecca,Henderson,M,1989-11-07,drew28@woods.com,East Johnville,Grenada,2021-07-29,Silver
4,Joseph,Ramirez,F,2000-03-20,julie05@adams.biz,Port Zachary,Uzbekistan,2021-01-24,Silver
5,Laura,Parker,M,1962-08-18,maxwellpatrick@conrad.com,West Lindaland,Faroe Islands,2023-08-15,Gold
6,Connie,Williams,M,1976-10-18,liumatthew@rodriguez.org,West Leonardmouth,Dominican Republic,2023-09-22,Gold
7,Zachary,Hodges,M,2005-07-28,ldavis@yahoo.com,Lake Darius,Macao,2023-05-17,Bronze
8,Jason,Padilla,M,1995-11-04,maurice72@gmail.com,New Bobbystad,United States of America,2024-11-28,Silver
9,Dana,Carter,F,2003-12-03,johnclayton@yahoo.com,North Jacqueline,Turkey,2022-02-23,Bronze
10,Daniel,Pitts,M,1970-07-19,robert03@yahoo.com,North Rogerstad,Falkland Islands (Malvinas),2022-08-17,Silver
11,Charles,Taylor,M,1955-09-15,ijones@gmail.com,South Kristenhaven,Uzbekistan,2022-03-13,Gold
12,Shelby,Shaffer,M,1988-09-29,ajohnson@yahoo.com,Rogertown,Morocco,2022-01-09,Gold
13,Anthony,Wilson,F,1998-12-04,moraleskevin@gmail.com,Shawnachester,Palestinian Territory,2022-05-10,Silver
14,Gabriel,Green,M,2006-03-24,armstrongjoseph@yahoo.com,Reedshire,Cape Verde,2023-12-28,Silver
15,Diane,Lucas,M,1988-04-29,zrodriguez@russell.com,East Emily,Wallis and Futuna,2023-09-04,Gold
16,Larry,Rodriguez,M,1993-06-27,millerleroy@clay-randall.com,North Devinburgh,Cayman Islands,2021-01-26,Gold
17,Michael,Smith,M,1994-02-23,anthonychristian@landry.com,Lake Gailview,Russian Federation,2023-04-11,Bronze
18,Shannon,White,F,2003-02-23,ryangonzalez@williams.info,Wagnerland,Northern Mariana Islands,2025-08-07,Gold
19,Amanda,Ferguson,M,1984-07-26,rhodesrichard@hotmail.com,Lake Jasonborough,Cambodia,2023-01-31,Silver
20,Matthew,Evans,M,1981-01-04,dennisjackson@morgan.com,Port Raymond,Cambodia,2023-09-30,Bronze
21,Sarah,Jenkins,F,1971-11-01,awilliams@hickman.com,North Robinstad,Marshall Islands,2021-11-07,Silver
22,Amy,Perez,F,1959-03-03,carolyn94@yu-carr.org,Justinfurt,Malaysia,2024-10-10,Bronze
23,Jessica,White,F,1987-03-02,patricia65@yahoo.com,Howellchester,Venezuela,2025-12-03,Silver
24,Jacqueline,Kelly,M,1994-06-24,adrianstanley@gmail.com,Lake Brittany,Tuvalu,2021-06-09,Gold
25,Brett,Garcia,F,2003-07-01,theresa33@gmail.com,Moraleshaven,Syrian Arab Republic,2024-08-05,Silver
26,Monica,Miller,M,1960-02-20,trichardson@mcintyre.org,Davidport,Monaco,2023-04-20,Bronze
27,Cathy,Johnson,F,1978-12-13,caldwellsarah@warner.com,East Joshua,Brazil,2022-06-24,Silver
28,Michael,Contreras,M,1990-08-29,curtis37@dudley-rodriguez.info,Perkinshaven,Belize,2024-02-04,Bronze
29,Steven,Hall,F,1997-05-26,melissawood@gmail.com,Port Susanstad,South Africa,2023-10-30,Silver
30,Bryan,Ortiz,M,1959-02-23,jerrybrady@yahoo.com,Port Christopher,Botswana,2023-04-27,Gold
31,Mark,Meadows,F,2006-08-07,johnmckinney@yahoo.com,North Sandrastad,Latvia,2024-12-23,Gold
32,William,Green,M,1958-01-01,yescobar@yahoo.com,Millermouth,Peru,2023-10-01,Silver
33,Patrick,Walters,M,1955-06-08,alexandra54@guerra-robertson.com,New James,Cocos (Keeling) Islands,2021-02-25,Silver
34,Christopher,Watts,M,1982-01-04,jessica17@hotmail.com,Wilsonburgh,Turkey,2022-05-01,Silver
35,Tonya,Brown,M,1998-03-12,wesleyward@yahoo.com,Fischershire,Switzerland,2023-06-17,Bronze
36,James,Hester,M,1970-04-12,ehernandez@yahoo.com,Lake Janetport,Turkey,2021-10-11,Silver
37,Willie,Miller,M,1973-07-26,sbell@knight.info,East Conniefort,Cyprus,2021-09-13,Silver
38,Cassandra,Campos,M,1961-03-30,wendyhaney@mclean.org,New Audrey,Saint Vincent and the Grenadines,2024-06-16,Bronze
39,Mark,Rodriguez,M,1963-04-09,michelle95@newman.info,Jessicafort,Macao,2024-04-06,Gold
40,John,Reed,F,2005-07-26,uchapman@russell-randall.net,West Bobbytown,Mali,2025-09-27,Silver
41,Dawn,Barnes,M,1987-05-28,josephcruz@rush.com,Sherryburgh,Lebanon,2022-10-06,Silver
42,Leah,Warren,M,1971-04-29,patriciashea@carr.org,New Patrick,Greece,2022-12-22,Gold
43,Jodi,Wells,F,1995-07-16,lauren48@hotmail.com,Bryanfurt,Saint Pierre and Miquelon,2025-02-15,Gold
44,Samantha,Marshall,M,1994-11-26,esparzarobert@yahoo.com,North Tammy,Jersey,2023-11-24,Bronze
45,Courtney,Goodman,F,1964-09-23,portiz@jones.info,Lake Marilynfort,Jersey,2023-04-07,Silver
46,Blake,Clark,M,2005-08-23,richardsonwilliam@yahoo.com,South Pamela,Malawi,2021-05-11,Silver
47,Jesus,Gonzalez,F,1958-02-08,lisa60@gmail.com,North Sabrinaview,British Indian Ocean Territory (Chagos Archipelago),2026-01-13,Bronze
48,Lisa,Decker,F,1964-10-13,cassandra43@perry.com,South Frankville,Equatorial Guinea,2022-05-30,Gold
49,Michael,Williams,M,2000-01-28,joseph84@yahoo.com,Darrenton,Brunei Darussalam,2021-10-20,Bronze
50,Michelle,Valdez,F,2004-07-10,robert07@conway-garcia.org,North Codyfort,Cambodia,2025-06-22,Gold
51,David,Poole,M,1964-07-07,john96@yahoo.com,Michaelfurt,Algeria,2024-08-30,Bronze
52,Frank,Jackson,M,1969-05-31,uwilson@carson.com,South Alexandershire,Dominican Republic,2026-01-06,Gold
53,Kathy,Brown,M,1987-02-28,alvinmartin@hotmail.com,Wagnerfurt,Saint Vincent and the Grenadines,2021-02-15,Bronze
54,Amy,Little,M,2002-11-09,adam60@hotmail.com,Cassandrachester,Israel,2022-01-01,Gold
55,Erik,Kennedy,F,1956-04-15,benjamin13@gill.com,West Bradleymouth,Australia,2022-05-10,Gold
56,Bryan,Decker,M,2006-02-21,morgantracy@yahoo.com,Jordanchester,Macao,2024-09-27,Gold
57,Carolyn,Ferrell,F,2002-01-28,susanmartin@silva-jackson.com,Paigeborough,Saudi Arabia,2022-11-24,Gold
58,Pamela,Smith,F,1958-11-16,nicolemartin@hotmail.com,Bakermouth,Saint Kitts and Nevis,2021-04-11,Gold
59,Ronald,Warren,M,1958-03-11,thomasgibson@yahoo.com,East Brendaside,Ukraine,2022-03-16,Silver
60,Jacqueline,Cruz,M,1985-09-03,heather38@gmail.com,Kristinabury,Belize,2024-10-14,Gold
61,Jose,Perez,M,1991-12-07,mark95@cole.net,Maureenchester,Senegal,2022-01-12,Silver
62,Steven,Warren,M,1981-08-28,michael58@maynard-marsh.com,Lake David,Congo,2025-05-14,Gold
63,Erin,Hernandez,F,1998-09-24,bmurray@nelson.com,Samuelview,Sweden,2021-04-10,Silver
64,Jasmine,Murray,M,1975-01-16,brianjohnson@martinez.net,Markberg,Saint Kitts and Nevis,2023-03-11,Silver
65,Michael,Shelton,F,1999-04-22,ebarnes@gmail.com,New Heathermouth,Malawi,2025-07-24,Bronze
66,Linda,Velasquez,M,1960-07-23,andrew93@yahoo.com,Sethview,Moldova,2023-01-21,Gold
67,Charles,Fields,M,1991-10-06,sellersnathan@yahoo.com,Sabrinastad,San Marino,2021-05-14,Bronze
68,Heidi,Reynolds,M,1994-12-02,qmoore@yahoo.com,Chanview,Mozambique,2024-03-11,Bronze
69,Andrea,Summers,M,1967-07-01,steven86@yahoo.com,West Laura,Central African Republic,2021-11-11,Gold
70,Jennifer,Green,F,1995-12-10,xpeters@thomas.net,Port Charles,Saint Lucia,2022-02-16,Bronze
71,Stephanie,Stone,F,1960-04-15,seanortega@jackson-chambers.com,Port Frankshire,French Guiana,2022-07-02,Gold
72,Tyler,Le,M,2003-11-18,wardjames@johnson-ward.com,North Brenda,United Arab Emirates,2022-05-17,Bronze
73,Nicole,Jacobs,F,1985-10-04,whunt@jones-oliver.net,Donnashire,Dominican Republic,2025-02-28,Gold
74,Samantha,Coleman,F,1981-02-06,samantha97@gmail.com,Heatherhaven,Venezuela,2021-09-26,Gold
75,Tricia,Lee,M,2005-03-09,matthew66@baker.com,Barkerborough,Norway,2021-02-10,Gold
76,Wesley,Walker,M,1962-04-24,kendrawagner@yahoo.com,Marcmouth,Solomon Islands,2022-03-02,Silver
77,Bryan,Townsend,F,1979-07-17,gwhite@henry-martin.com,Lake Angela,Mozambique,2023-01-25,Bronze
78,Nicole,Dunlap,F,1991-10-11,hancockgregory@gordon-padilla.com,Sherylport,El Salvador,2022-04-30,Silver
79,Walter,Lewis,F,1964-12-27,jjenkins@hotmail.com,Thomaston,Saudi Arabia,2021-01-31,Bronze
80,Theresa,Montgomery,F,1979-03-02,nleblanc@gmail.com,North Jeffreytown,Egypt,2025-12-20,Bronze
81,Cody,Guerrero,M,1968-01-31,sshaw@yahoo.com,Braystad,Cook Islands,2024-11-03,Bronze
82,Jennifer,Leach,M,1969-02-26,mramirez@sims-johnson.org,Wallaceville,Malaysia,2021-04-14,Silver
83,Susan,Hughes,F,1991-05-27,jacquelinesteele@may.com,Robertland,Vietnam,2025-11-01,Bronze
84,Jeff,Turner,M,1974-09-13,glassalexander@yahoo.com,South Kristin,Aruba,2024-11-23,Silver
85,Christopher,Garcia,F,1975-08-18,brownjacob@gmail.com,Stevenston,Ireland,2022-05-17,Gold
86,Kristen,Lawson,F,1972-12-20,ychen@mcclain-garrison.com,Douglashaven,Solomon Islands,2024-04-26,Bronze
87,April,Yates,M,1992-06-02,shaneromero@wade-howell.com,West Kyle,Uzbekistan,2023-02-04,Bronze
88,Stephanie,Hubbard,F,1979-05-15,jeffrey62@garcia-david.com,Philipmouth,Yemen,2023-05-07,Gold
89,Amy,Cobb,F,1978-10-14,smithnathaniel@conner.com,West Brendaport,Sao Tome and Principe,2023-09-08,Gold
90,Stacey,Bridges,M,1978-06-15,margaretprice@hotmail.com,Houseport,Indonesia,2021-09-07,Bronze
91,Jennifer,Ward,M,1961-10-18,shelby91@wilkerson.com,West Michaelport,Sri Lanka,2025-10-02,Gold
92,Katherine,Olson,F,1978-04-29,nathaniel42@glass-pruitt.info,Bartonview,Singapore,2021-09-22,Silver
93,Daniel,Phelps,F,2007-04-30,coryroberts@miller.com,East Jessica,Comoros,2024-08-15,Silver
94,Sara,Graham,M,1961-07-25,cpena@hotmail.com,Stacyberg,New Caledonia,2024-04-03,Bronze
95,Tamara,Cowan,F,1996-08-17,krista54@hotmail.com,Sabrinashire,Australia,2022-07-31,Silver
96,Richard,Martin,F,2000-09-24,smithlaura@ball-hall.info,Traceybury,France,2022-11-09,Silver
97,Ashley,Lopez,M,1977-12-01,bmoreno@hotmail.com,Lake Jenniferland,American Samoa,2025-10-11,Bronze
98,Matthew,Robinson,M,1991-10-28,jacobchavez@riley.com,New Austinfurt,Iceland,2025-12-04,Gold
99,Misty,Johnson,M,2006-07-10,vfigueroa@reynolds.com,Samanthaburgh,Cote d'Ivoire,2021-03-31,Bronze
100,Amanda,Mcbride,M,1996-01-19,murrayalejandro@hamilton.com,West Crystal,Uruguay,2021-07-12,Silver
101,Amanda,Barrett,M,1962-02-08,areed@gmail.com,New Pamela,Bangladesh,2024-03-15,Bronze
102,Kimberly,Ramirez,M,1969-03-26,acook@gmail.com,Ericmouth,Sao Tome and Principe,2023-11-05,Bronze
103,William,Ramos,F,1975-09-30,amandaleblanc@hotmail.com,Jerryside,Cote d'Ivoire,2022-03-28,Silver
104,Jon,Thomas,F,1982-10-31,lflores@gmail.com,East Andrewside,New Zealand,2024-08-22,Silver
105,Christina,Watson,M,1983-12-28,sabrina01@gmail.com,Port Michael,Saint Vincent and the Grenadines,2024-08-05,Bronze
106,Andrea,Brown,M,1977-10-30,vhammond@gallegos-ponce.org,East Robert,San Marino,2022-09-11,Silver
107,Michelle,Colon,F,1990-09-08,hughesjennifer@gmail.com,Matthewmouth,Cyprus,2022-12-05,Silver
108,Tyler,Baker,F,2006-08-31,smitherin@gmail.com,Jessicaside,British Virgin Islands,2022-06-29,Silver
109,Justin,Wilson,F,2001-08-28,stevenbrown@dennis.info,Michaelview,Bhutan,2024-11-29,Silver
110,Jacob,Bailey,M,1960-03-11,kimberlymendez@castillo.com,New Timothy,Cayman Islands,2024-10-18,Silver
111,Christina,Johnson,M,1992-02-09,gonzalezjames@yahoo.com,West Robert,Aruba,2024-09-11,Silver
112,Jean,Anderson,F,1971-08-31,rbrandt@yahoo.com,New Jerry,Mayotte,2024-05-02,Gold
113,Clayton,Watson,M,1997-12-04,marydawson@hotmail.com,North Rebeccaland,Holy See (Vatican City State),2024-01-14,Bronze
114,Dylan,Moses,M,1976-02-02,courtney28@hotmail.com,Gardnerland,Algeria,2021-11-11,Silver
115,Elizabeth,Hogan,M,1957-09-16,craiglewis@hotmail.com,Tracistad,San Marino,2025-03-05,Bronze
116,James,Ortega,F,1994-03-27,sarahjordan@craig.com,Jesuschester,Niger,2025-03-23,Gold
117,Thomas,Riley,F,1975-11-14,mallorypatrick@gmail.com,Madisonport,Guyana,2025-09-16,Silver
118,John,Arnold,M,1981-01-22,cheryl68@avery-flores.com,Toddburgh,Tanzania,2025-10-29,Bronze
119,Darrell,Gross,M,1966-03-15,csoto@hotmail.com,Julieville,Isle of Man,2025-12-07,Silver
120,Christopher,Hensley,M,1967-01-05,grace55@kelley.com,Olsenfort,Dominican Republic,2024-10-06,Silver
121,Chad,Sanchez,M,1966-05-23,amanda51@gmail.com,West Kristiemouth,Macao,2023-08-13,Silver
122,Sheila,Johnson,M,1985-02-14,bakertyler@may.info,Russellport,New Zealand,2023-01-28,Silver
123,Tyler,Hoover,F,2007-05-04,uleblanc@nguyen-maxwell.info,Robbinsside,Tunisia,2021-11-24,Silver
124,Kevin,Edwards,M,1970-09-11,angelacordova@gmail.com,Christinaburgh,Saint Lucia,2023-12-23,Silver
125,Andrea,Gibson,M,1960-01-30,vrose@gmail.com,North Michael,Western Sahara,2024-09-19,Silver
126,Justin,Horne,M,1989-06-22,william05@gmail.com,Carterbury,Honduras,2021-02-11,Gold
127,James,Smith,F,1980-02-19,walkerkathleen@fritz-robinson.info,South Eric,Tajikistan,2022-07-15,Gold
128,Manuel,Rios,F,2003-02-24,bethanymartin@fernandez-waters.com,Lake Donald,Saint Lucia,2025-08-04,Silver
129,Stephanie,Holland,M,2002-09-19,robertmitchell@welch-miller.com,West Fredbury,Suriname,2023-03-27,Silver
130,Lindsay,Rocha,F,1990-08-07,wilsonheidi@yahoo.com,Lake Charlesshire,Malawi,2022-11-03,Gold
131,Veronica,Smith,F,1956-11-21,gfloyd@herrera-baker.org,Rodriguezchester,Madagascar,2025-04-06,Gold
132,Anthony,Mendez,F,1967-03-22,duncandaniel@hotmail.com,West Coleshire,Papua New Guinea,2022-10-29,Gold
133,Peter,Tran,F,1996-05-18,chavezdanielle@hunter.com,Wolfchester,United States Minor Outlying Islands,2021-04-30,Silver
134,Tommy,Stone,F,1969-10-09,sarah31@mullins.com,Arnoldstad,Tunisia,2021-09-24,Bronze
135,Brandon,Hogan,F,2003-02-20,pereztravis@hotmail.com,Wrightmouth,Timor-Leste,2021-06-09,Bronze
136,Joseph,Phillips,M,1965-05-28,wardmichael@bentley.com,Berryview,Brazil,2022-12-24,Bronze
137,Cheryl,Thompson,F,2007-03-19,paynemichael@gmail.com,Stokesville,Hungary,2021-11-29,Bronze
138,Catherine,Bailey,F,1974-08-18,gregorysmith@hotmail.com,New Natalie,Albania,2023-01-26,Silver
139,Christie,Durham,M,1975-03-09,nstuart@dixon.org,North Josephbury,Guatemala,2024-08-08,Bronze
140,Victoria,Wise,M,2003-05-12,zmartin@coleman.net,Riverachester,Swaziland,2022-05-26,Gold
141,Jeremiah,Aguirre,M,1972-07-10,michaelfoster@gmail.com,Port Kimberly,Iran,2023-04-22,Gold
142,Kelli,Rodriguez,M,1979-04-26,uchavez@ramirez.org,Trujilloberg,Bouvet Island (Bouvetoya),2024-01-29,Bronze
143,Amanda,Rocha,F,1968-06-02,smithrachel@coleman.info,Port Jenniferside,Saint Barthelemy,2025-04-12,Gold
144,Jennifer,Gillespie,F,1972-12-02,ewingwilliam@stevenson.com,East Carly,Monaco,2023-09-07,Silver
145,Jacqueline,Rice,F,1999-09-01,kflores@gmail.com,Loriland,Czech Republic,2022-05-03,Bronze
146,Katherine,Smith,F,2003-09-09,loriwilkinson@hotmail.com,Port Gerald,Iceland,2025-08-13,Bronze
147,Jody,Smith,M,1981-03-06,kenneth58@scott.com,Raymondburgh,Qatar,2024-07-28,Silver
148,Matthew,Garcia,F,1966-06-10,patrickgordon@woods.com,Finleyton,Jersey,2023-06-05,Gold
149,Vincent,Frey,F,1977-12-27,roger06@yahoo.com,Kellychester,Seychelles,2024-02-27,Silver
150,Samantha,Price,M,1981-01-29,rlee@sanchez.com,Mitchellmouth,Liechtenstein,2025-02-24,Silver
151,Jean,Martinez,F,1973-05-07,corey02@yahoo.com,South Charles,Gambia,2021-02-25,Gold
152,Taylor,Garcia,F,1960-11-16,irios@franklin.com,Marshallchester,Russian Federation,2024-01-14,Silver
153,Mathew,Thomas,F,1983-09-16,icarpenter@hotmail.com,South Candaceland,British Indian Ocean Territory (Chagos Archipelago),2024-10-01,Gold
154,Kevin,Odonnell,F,1965-03-21,fernandezkaren@gmail.com,Port James,Albania,2024-12-28,Gold
155,Michael,Ross,M,1999-07-20,kim79@yahoo.com,Reedport,Lebanon,2024-05-02,Silver
156,Troy,Chan,M,2001-04-20,kayla66@yahoo.com,New Nicoleberg,Grenada,2021-12-19,Gold
157,Tracy,Parker,M,1972-08-28,bellrobert@gmail.com,Lake Sarah,Sudan,2023-07-21,Silver
158,Ashley,Mccoy,M,1956-06-20,antoniolarson@butler.com,East Jennifer,Jordan,2024-05-01,Gold
159,Sean,Wheeler,M,1994-03-04,nelsonleah@yahoo.com,New Christopher,Azerbaijan,2021-08-20,Bronze
160,Jeremy,Perry,F,1991-06-15,igonzalez@hotmail.com,Larrytown,Ethiopia,2024-08-17,Gold
161,Peter,Smith,F,1988-04-17,alexandrastewart@yahoo.com,Nguyenfort,Armenia,2021-04-26,Gold
162,Kyle,Montgomery,M,1992-02-01,ogriffith@gmail.com,East Harrymouth,Namibia,2025-04-26,Silver
163,Michael,Bolton,M,1995-08-14,karenlyons@hotmail.com,Markborough,Niger,2025-11-15,Gold
164,Mary,Khan,M,1984-12-01,sherrywalker@pruitt.com,East Amy,Djibouti,2021-09-08,Bronze
165,Beth,White,F,1972-12-04,georgecannon@hodges.com,Robertsonport,Hong Kong,2022-06-30,Bronze
166,Lynn,Owens,M,1956-04-20,morganmelissa@molina.com,West Josephberg,Mongolia,2025-06-18,Gold
167,Charles,Adams,F,2001-12-07,jonathan42@hotmail.com,Alexanderhaven,Norfolk Island,2022-12-08,Gold
168,Pamela,Rivera,F,1977-06-10,wanderson@fletcher-thomas.net,South Marissabury,Norway,2023-04-25,Bronze
169,Gina,Brown,F,1993-10-29,william43@gmail.com,West Eddie,Azerbaijan,2022-04-21,Silver
170,Brian,Salinas,F,1980-02-02,othomas@savage.biz,Burnshaven,Christmas Island,2022-12-08,Bronze
171,Robert,Carter,M,1991-01-12,jcampos@gmail.com,Susanborough,Bahrain,2023-03-18,Bronze
172,Shelley,Kim,F,2003-10-04,johnny16@hotmail.com,East Henry,Jordan,2022-01-26,Gold
173,Heather,Ritter,F,1967-05-02,russelllarson@gonzalez.com,Saraburgh,New Caledonia,2023-12-28,Gold
174,Theresa,Rowe,M,1995-11-21,jordancurtis@morales.net,New Miguelfort,Algeria,2023-09-13,Bronze
175,Jennifer,Miller,F,1961-09-26,jennaoneill@gmail.com,Kiddburgh,Estonia,2023-02-21,Silver
176,Nicole,Andrews,F,1963-08-04,tannerperez@gmail.com,South Taylorhaven,Tokelau,2021-02-19,Bronze
177,Michael,Garner,F,1956-01-09,davisjulie@york-walker.org,Wagnerburgh,Sweden,2022-03-02,Bronze
178,Christopher,Stevens,M,1991-07-20,castillokristina@gmail.com,North Monique,Congo,2022-08-23,Silver
179,Tyler,Bolton,F,1956-05-17,shepherdvincent@flores.com,Millerburgh,Nigeria,2022-08-07,Bronze
180,Crystal,Carrillo,F,1979-10-06,keithschneider@sanchez.info,Rowechester,Niue,2021-08-02,Bronze
181,Jonathan,Cantu,M,1997-02-25,kathryn13@hotmail.com,East Michelle,Iraq,2024-04-03,Gold
182,Candice,Phillips,M,1956-07-22,churchedwin@yahoo.com,Russellfurt,Aruba,2023-03-22,Silver
183,Michelle,Singh,F,1997-11-29,bhopkins@whitehead-ford.biz,Figueroahaven,Togo,2022-11-19,Gold
184,Shelly,Macdonald,F,1981-12-26,william65@yahoo.com,Floresmouth,Isle of Man,2024-05-18,Gold
185,Mark,Thornton,M,1955-03-05,lloydsherry@moss.com,Millerside,Congo,2022-04-11,Silver
186,Sandra,Smith,F,1995-09-13,ericmccann@sanders.info,Lake Mark,France,2025-04-12,Silver
187,Christopher,Johns,M,1984-12-11,jlong@hansen.info,Port Zacharychester,Malaysia,2023-01-30,Bronze
188,Kayla,Ramos,F,1996-08-01,kevinwhite@gmail.com,Sheppardberg,Bolivia,2021-02-09,Gold
189,Tina,Andrews,M,1981-04-21,peter18@yahoo.com,Nicholasmouth,Estonia,2022-01-08,Silver
190,Angela,Anderson,F,1975-10-20,walkerscott@johnston-daniel.com,East Karlport,Qatar,2022-05-31,Gold
191,Edward,Rogers,M,1969-09-14,teresa66@gmail.com,East Christophermouth,Tunisia,2022-05-08,Gold
192,Jessica,Davis,M,1977-12-28,kellykelsey@fitzgerald-moore.com,North Jeremyberg,Korea,2021-03-03,Silver
193,Kayla,West,M,1983-11-28,scottapril@hotmail.com,East Destiny,Ukraine,2025-06-15,Bronze
194,Antonio,Stevenson,M,1983-10-28,cfisher@burke-duncan.org,Port Fredland,Kuwait,2023-02-22,Gold
195,Amanda,Shannon,M,1973-01-14,yvette60@alvarado-clark.info,Johnside,Angola,2022-02-21,Silver
196,John,Jackson,F,1988-11-13,lewisrenee@bowers.org,Port Stevenborough,Zimbabwe,2021-05-12,Bronze
197,Vickie,Wagner,F,1960-01-15,rscott@yahoo.com,South Marybury,Bouvet Island (Bouvetoya),2021-11-30,Gold
198,Brian,Brown,M,1955-05-23,rachaeldavis@yahoo.com,Coreyhaven,Thailand,2021-08-08,Silver
199,Jenna,Anderson,F,1974-09-18,alanmathis@gmail.com,West Martha,Turkey,2022-05-31,Gold
200,Michael,Franklin,F,1972-09-14,plarson@west.info,North Michael,Moldova,2025-10-18,Silver
201,Jackson,Gonzalez,F,1971-02-09,dschultz@wright.com,Jonathanton,Seychelles,2021-12-27,Silver
202,Scott,Holloway,F,1999-11-10,knightsteven@west-matthews.com,North Ambershire,Montserrat,2023-01-07,Gold
203,Amy,Mooney,F,1968-03-24,william65@carter.com,Nathanville,Dominica,2023-11-20,Gold
204,Holly,Glover,F,1990-04-03,martin39@bennett.info,Huffmanview,Chile,2022-06-26,Silver
205,Laura,Marquez,M,1970-09-22,madelinemaxwell@jones.net,Sheltonport,Faroe Islands,2024-10-11,Bronze
206,Lisa,Hill,F,1970-02-03,cunninghamdavid@robertson-duncan.com,Popeburgh,South Africa,2023-07-15,Gold
207,Joseph,Charles,F,1964-06-05,dblevins@hotmail.com,Tiffanyport,Tuvalu,2021-09-24,Silver
208,Jonathan,Williamson,F,1984-01-18,todd02@smith.info,West Danaland,Bahamas,2024-03-08,Silver
209,Dawn,Parker,M,2007-03-25,pmcdonald@yahoo.com,Thomasburgh,Montserrat,2023-02-18,Bronze
210,Sandra,Cantrell,F,1965-04-15,steven71@smith.com,South Johnville,Sudan,2023-05-23,Bronze
211,Alexandra,Torres,F,1963-12-01,allisonhoward@garcia.com,Schultzberg,Micronesia,2025-05-31,Bronze
212,Cody,Conner,F,1956-12-16,tammywhite@wiggins.net,West Todd,France,2023-10-18,Gold
213,Nathaniel,Neal,M,1956-09-10,cartermorgan@yahoo.com,East Brooke,Japan,2024-04-23,Silver
214,Alexandra,Huff,F,1979-01-24,heatherbaker@gmail.com,Leeport,Sweden,2021-06-03,Silver
215,Haley,Wells,M,1960-02-12,nicole93@williams.com,East Chelseymouth,Turkey,2022-07-03,Silver
216,Joy,Butler,F,1978-03-15,mark94@hotmail.com,North David,Romania,2023-01-18,Bronze
217,Molly,Reynolds,M,1997-10-28,iyork@harrison-stanley.org,East Ernestburgh,Saint Barthelemy,2022-06-20,Silver
218,Michael,Moore,M,1996-09-03,aaron99@gmail.com,Theresaport,Burundi,2025-05-13,Gold
219,Betty,Rodriguez,M,2006-04-17,leeryan@hotmail.com,Angelamouth,Niger,2025-02-08,Bronze
220,Lindsay,Mcclain,F,1972-03-15,edwardhoover@nunez-martin.com,Petersenfurt,Libyan Arab Jamahiriya,2021-11-04,Bronze
221,Monica,Hamilton,M,1968-06-01,kelly58@smith.com,South Taraborough,Sweden,2025-10-07,Bronze
222,Shane,Short,M,2003-01-30,suzannemathis@chang.com,Margaretside,Chad,2023-04-13,Bronze
223,Steven,Quinn,M,2006-06-20,christine29@hotmail.com,Doyleshire,Bahrain,2023-11-08,Gold
224,Sandra,Page,M,1975-04-19,xprice@yahoo.com,Hernandezmouth,Canada,2025-11-29,Silver
225,Nancy,Brock,F,1978-10-27,hollowaydonald@blair.com,Caseyberg,Seychelles,2023-05-26,Gold
226,Steven,Walker,F,2001-10-25,rgarner@yahoo.com,North Traceyfurt,Finland,2021-05-19,Silver
227,Tami,Serrano,F,1991-10-21,davisemily@ellis.com,East Christinamouth,Turkmenistan,2021-02-17,Gold
228,Blake,Simpson,F,1964-12-20,pbooker@fox-shea.com,Butlerville,Sweden,2022-01-25,Bronze
229,Christopher,Mason,M,1990-04-22,frederick29@white-oliver.info,South Mary,Andorra,2021-04-22,Bronze
230,Robert,Washington,F,1973-08-16,coryschroeder@conley.net,Steeleton,Niue,2025-10-15,Gold
231,Alyssa,Green,M,1980-01-14,fharrison@hotmail.com,Port Emily,Chile,2022-01-02,Gold
232,Joseph,Diaz,F,1957-01-08,jeffreyhill@gmail.com,Manuelhaven,Moldova,2023-07-19,Silver
233,Kenneth,Johnson,F,1978-02-12,jessicahoward@hotmail.com,West Elizabeth,New Caledonia,2021-09-16,Gold
234,Holly,Leonard,F,2000-04-30,xwilliams@medina.net,Justinton,Papua New Guinea,2025-01-02,Gold
235,Nicole,Harrington,M,1984-05-11,walkerangela@banks-travis.com,Daychester,Turks and Caicos Islands,2022-11-30,Silver
236,Samuel,Rose,F,2005-11-28,sydneywarren@williams.net,Mccoyville,Tokelau,2024-03-03,Silver
237,Todd,Hicks,F,1957-01-04,fbenton@gmail.com,Port Mathew,Christmas Island,2025-01-07,Silver
238,Kathleen,Farley,F,1977-05-17,bkline@hotmail.com,North Gregory,Kazakhstan,2022-04-26,Gold
239,William,Parker,M,1992-12-21,williamjennings@acosta.com,Oconnorbury,Bahrain,2023-07-02,Silver
240,Todd,Johnson,F,1956-12-13,bushjason@yahoo.com,Manntown,Palau,2025-02-14,Bronze
241,Mary,Simmons,F,1966-02-14,dawnmoore@hotmail.com,Lewisside,Albania,2023-07-11,Bronze
242,Isaiah,Lee,M,1973-11-25,angela26@gmail.com,North Kimberlyhaven,American Samoa,2021-08-16,Bronze
243,Mary,Taylor,M,2000-07-19,dgibson@obrien.org,Sandraburgh,Bolivia,2022-03-01,Gold
244,Jason,Castillo,F,1990-12-17,morrisonkristin@yahoo.com,Patrickview,Haiti,2022-07-16,Bronze
245,Sarah,Levine,F,1956-10-07,dianascott@gmail.com,Ronniemouth,Finland,2026-01-10,Gold
246,Cory,Bennett,F,1971-06-17,carolyn87@stevenson.info,Jackstad,Pitcairn Islands,2024-02-03,Gold
247,Mark,Weaver,M,1996-05-18,theresawarren@barron-edwards.info,East Alexanderville,Egypt,2023-10-24,Bronze
248,Cameron,Thompson,M,1960-03-08,aguilartimothy@summers.com,Hintonview,Albania,2023-09-14,Silver
249,Joseph,Foster,M,1974-02-08,waltersvictor@hotmail.com,Erinville,United Kingdom,2021-09-14,Gold
250,Jennifer,Nash,F,2005-01-22,duranstephen@hotmail.com,Hallton,Tokelau,2025-04-29,Bronze
251,Hannah,Caldwell,M,1992-04-02,deborah60@gmail.com,South Valeriefurt,Swaziland,2023-02-16,Gold
252,Christina,Daugherty,F,1991-09-30,laurenbryant@mcdonald-wood.com,West Dominichaven,Holy See (Vatican City State),2025-09-29,Silver
253,Randy,Butler,M,1966-11-28,natalieprice@taylor-mathis.com,South Gregory,Turks and Caicos Islands,2022-10-11,Silver
254,Sergio,Sanders,M,1964-04-01,taylorjoel@yahoo.com,Lake Johnhaven,Myanmar,2021-04-18,Bronze
255,Rebecca,Davidson,M,1986-10-12,grantsarah@mason.com,Port Tammy,Belarus,2022-06-04,Gold
256,Alexander,Cooper,F,1982-02-06,perezannette@yahoo.com,Fergusonchester,Portugal,2025-11-04,Gold
257,Philip,Anderson,F,1971-04-12,morrisbilly@hotmail.com,Guzmanfurt,Cape Verde,2025-04-02,Gold
258,Jose,Velez,F,1973-05-29,zwatkins@hotmail.com,North Hannahshire,Sao Tome and Principe,2022-09-01,Gold
259,Phillip,Davies,F,1995-12-20,austin28@hotmail.com,Kevinton,Netherlands Antilles,2023-02-07,Bronze
260,Christy,Rojas,M,1982-11-25,ygriffin@flores.com,Lake Kaitlin,Malawi,2023-02-03,Silver
261,Blake,Keller,F,2005-11-04,alexanderernest@howard.biz,South Samuel,Israel,2025-01-01,Bronze
262,Ruben,Grant,M,2007-12-28,brightjuan@hotmail.com,West Mary,Russian Federation,2024-03-05,Gold
263,Elizabeth,Patterson,F,2002-02-06,courtney55@gmail.com,Lake Ebony,Antigua and Barbuda,2021-05-20,Gold
264,Crystal,Rose,F,1974-07-19,ogreene@buck.com,North Ericfort,Senegal,2021-08-16,Silver
265,Edward,Kelly,M,1995-02-16,larryyoung@crawford.info,South Daleport,Turkmenistan,2023-03-21,Gold
266,Tony,Jefferson,M,1972-09-07,lewisbradley@yahoo.com,Port Kathleenstad,Cape Verde,2022-09-14,Bronze
267,Lisa,Johnson,F,1999-11-21,sweeneycarla@solis-rangel.com,Dennisberg,Western Sahara,2025-01-18,Bronze
268,Christopher,King,F,1977-11-29,haley05@willis-wheeler.com,Jonesburgh,Guyana,2023-12-24,Silver
269,Robert,Ward,M,1955-12-03,jacksonjames@yahoo.com,Johnnyland,Lesotho,2022-10-23,Bronze
270,Ashley,May,M,1968-08-01,lynnnoah@hart.com,North Marcusbury,United Arab Emirates,2022-09-11,Bronze
271,Heidi,Winters,M,1980-10-08,irivera@gmail.com,Morrisport,Uganda,2024-11-24,Bronze
272,Jordan,Johnson,M,1962-08-02,mcuevas@hotmail.com,Kristenburgh,Papua New Guinea,2023-06-07,Bronze
273,Erica,Lee,M,1989-09-21,deannasmith@yahoo.com,Lisastad,Kyrgyz Republic,2024-02-21,Gold
274,Frank,Jones,F,1959-01-03,jpope@hotmail.com,Davidport,Jersey,2025-12-26,Bronze
275,Kyle,Ramirez,F,1966-09-17,jeffrey35@hotmail.com,Floydton,Montserrat,2024-09-27,Silver
276,Joshua,Barry,F,1989-08-25,kennethduncan@gonzales.com,Christopherfurt,Afghanistan,2024-06-26,Silver
277,George,Franco,F,1964-07-08,andersondarrell@walsh.com,West Marc,Isle of Man,2023-07-08,Bronze
278,Annette,Spencer,M,1958-09-17,willisstephen@gmail.com,West Rachael,Saint Pierre and Miquelon,2021-03-27,Silver
279,Frank,Duran,M,2000-07-18,christina33@gmail.com,South Shawn,Tanzania,2024-04-13,Bronze
280,Luis,Hull,M,2002-11-19,xscott@gmail.com,Scottshire,Pakistan,2023-06-09,Silver
281,Jennifer,Brooks,F,1971-09-12,swagner@gmail.com,East Matthewburgh,Lesotho,2025-03-17,Silver
282,Michael,Vargas,M,1989-05-15,crawfordjanice@mclaughlin-may.com,West Patriciastad,Pitcairn Islands,2023-03-17,Bronze
283,Mark,Cook,M,1957-07-14,youngkevin@wright-anderson.com,Williamsview,Estonia,2025-03-08,Bronze
284,Hannah,Wolf,F,1968-01-15,hernandezdebbie@murphy-powers.info,Burgessshire,Macao,2025-07-30,Gold
285,Robert,Wong,F,1964-07-01,michael88@gmail.com,Port Tiffany,Western Sahara,2023-02-02,Bronze
286,Deborah,Vasquez,F,1999-01-25,bethgonzalez@carter.com,Annachester,Cuba,2022-03-09,Bronze
287,Kenneth,Ellis,M,1965-05-23,hicksmark@yahoo.com,Levineview,Ghana,2021-07-19,Gold
288,Ashley,Padilla,M,1967-11-02,markdean@gibson-salazar.biz,Quinntown,Antarctica (the territory South of 60 deg S),2023-12-13,Bronze
289,Stacy,Brady,F,2003-04-11,traci05@stewart.com,West Davidville,Rwanda,2024-09-18,Bronze
290,Cathy,Garcia,F,1969-11-10,hmcdonald@yahoo.com,East Rachelburgh,Kiribati,2025-08-17,Gold
291,Jesse,Welch,M,1973-12-31,jholmes@hotmail.com,East Lisatown,Czech Republic,2023-05-15,Bronze
292,Kelly,Martinez,F,1990-11-15,cookmichelle@burnett-kelley.com,Glennstad,Turkey,2021-09-01,Bronze
293,Gary,Hernandez,M,1969-03-22,richardreed@gmail.com,New Maryburgh,French Polynesia,2024-03-24,Gold
294,Spencer,Valenzuela,F,1994-10-04,lauren85@mclaughlin-ramos.com,Byrdshire,Gibraltar,2023-10-03,Gold
295,Mercedes,Caldwell,F,1981-02-02,jason32@kramer.biz,West Cherylhaven,Guam,2024-02-18,Silver
296,Nathan,Bowman,F,1964-04-11,tyler19@hotmail.com,Sanchezhaven,Saudi Arabia,2022-03-17,Bronze
297,Deborah,Jackson,M,2000-07-07,cruzjacqueline@hoover.com,Beckstad,Jersey,2022-11-11,Silver
298,Jennifer,Martinez,M,1961-08-21,rcampbell@casey.com,Scottburgh,Philippines,2022-10-24,Silver
299,Whitney,Nichols,F,1961-08-07,peterpowers@carter.net,Port Javiershire,Northern Mariana Islands,2025-08-21,Gold
300,Eric,Campbell,M,1971-07-09,jamie60@yahoo.com,Johnview,Congo,2021-08-08,Bronze
301,Jennifer,Rice,F,1960-06-06,johnsonbrittney@yahoo.com,Jacobmouth,Hungary,2022-07-02,Bronze
302,Scott,Harrington,F,1955-08-03,aaguilar@gmail.com,North Haleyfurt,Congo,2025-05-09,Gold
303,Rebecca,Steele,M,1963-06-10,gordonregina@gibson.com,South Casey,Latvia,2025-10-29,Silver
304,Ann,Harvey,M,1999-10-21,csilva@nielsen-pena.com,New Christopher,Guinea,2021-07-01,Gold
305,Donald,Snyder,M,1978-11-12,acohen@gmail.com,Jefferybury,Bahrain,2023-12-03,Bronze
306,Daniel,Wilson,M,1993-01-29,longdawn@gmail.com,North Nathan,Congo,2023-07-15,Gold
307,Jessica,Drake,F,1986-04-27,joshuawelch@calderon.net,North Jasonchester,Sudan,2024-01-28,Bronze
308,Brian,Johnson,M,2006-11-30,browncarl@yahoo.com,Louistown,Thailand,2022-04-12,Silver
309,Joseph,Anderson,M,1989-08-20,michael95@willis.com,West Richardview,Saint Martin,2024-12-26,Bronze
310,Alvin,English,F,1968-02-06,kellymartin@hotmail.com,Tinaside,Mauritania,2024-02-27,Silver
311,Diana,Doyle,F,1992-07-08,ishelton@hubbard-bender.net,Ericksonbury,Turkmenistan,2022-01-15,Silver
312,James,Hart,F,1967-03-10,ivillanueva@williams.com,Alexanderview,Gibraltar,2021-05-11,Bronze
313,Michelle,Lee,F,1998-10-20,webbharry@gmail.com,Josephberg,United Arab Emirates,2022-12-31,Bronze
314,Jessica,Rivas,M,1998-12-15,ruben65@gmail.com,West Morgan,China,2025-07-15,Silver
315,Frank,Kelley,M,1963-07-07,mbailey@hotmail.com,West Joseph,Bulgaria,2023-03-21,Gold
316,James,Madden,F,2005-01-27,martin15@gmail.com,Keithville,Cocos (Keeling) Islands,2022-09-24,Bronze
317,Thomas,Perkins,F,1972-10-02,kelsey98@gmail.com,Adamsmouth,Greece,2021-08-16,Silver
318,James,Rodgers,M,1977-11-04,erika48@lopez.com,New Pamela,Sweden,2021-08-21,Silver
319,Jackie,Norris,M,2002-04-16,christinegarza@wright.com,Port Mercedes,Ukraine,2023-02-15,Gold
320,Wendy,Austin,M,1972-08-03,campbellpeter@ellis.net,Bakermouth,Fiji,2023-02-13,Bronze
321,Kelly,Fernandez,M,2004-05-14,toddleblanc@gmail.com,North Timothyton,Gibraltar,2025-11-28,Silver
322,Brandon,Pace,M,1988-07-23,pstewart@griffin-morris.com,Hernandezchester,Kiribati,2025-01-29,Gold
323,Hannah,Huff,F,1995-05-30,brian24@taylor.net,Sarahview,Cote d'Ivoire,2025-05-02,Silver
324,Kristina,Ray,F,1985-10-17,brett91@walker-ortiz.org,Schaeferport,Ireland,2021-11-22,Bronze
325,Susan,Erickson,F,1966-09-10,nathantrujillo@hall.com,East Jeremyside,Azerbaijan,2021-08-27,Gold
326,Andrea,Stanley,F,1975-08-17,caseyoconnell@hotmail.com,South Christopher,Suriname,2024-05-05,Silver
327,Richard,Sutton,M,1992-02-29,jillian76@gmail.com,Weavermouth,Liechtenstein,2023-01-22,Gold
328,Brian,Evans,F,1977-11-01,kelsey60@hotmail.com,New Lisaborough,Kazakhstan,2024-10-25,Bronze
329,Amber,Watkins,M,1959-10-06,kim12@johnson-cole.com,South Monica,Guernsey,2025-06-11,Gold
330,Abigail,Gonzalez,M,2004-03-03,lambertjames@fitzgerald.com,Campbellmouth,Tanzania,2025-07-13,Bronze
331,Sabrina,Thomas,M,1959-07-25,stacyjohnson@wilson.org,Michealborough,Niger,2023-09-17,Silver
332,Makayla,Wright,M,1975-12-15,vthompson@white.com,Lake Brendanhaven,Guinea-Bissau,2022-02-20,Bronze
333,Crystal,Chambers,M,1989-06-19,phillipwalters@gmail.com,Allenville,Jamaica,2023-01-16,Silver
334,Pamela,Holt,M,1976-09-27,mary69@hotmail.com,Barbarafort,Poland,2023-10-11,Silver
335,Melissa,Ford,M,1968-12-27,zunigayesenia@hotmail.com,New Brianview,Sweden,2026-01-09,Bronze
336,Michael,Webb,F,1960-04-21,melissaglover@ferguson-graham.info,Amyside,Hong Kong,2025-10-11,Silver
337,Willie,Carroll,M,1980-08-20,hughesedward@hotmail.com,Brownfort,Norfolk Island,2022-03-14,Gold
338,Joseph,Callahan,F,1999-06-11,wlee@aguilar.com,New Julieborough,Western Sahara,2023-05-07,Silver
339,Bryan,Wright,F,1982-02-12,scottsamantha@garcia-nash.net,South Robert,Slovakia (Slovak Republic),2023-10-23,Bronze
340,Randy,Walker,M,1980-05-29,sallen@gmail.com,West Cassandra,British Virgin Islands,2023-02-07,Gold
341,Marie,Miller,M,1960-12-01,mannmichael@yahoo.com,Wardberg,Croatia,2023-02-20,Gold
342,Amanda,Brown,F,1973-03-01,lreed@cruz.net,Greenchester,Iraq,2022-08-31,Silver
343,Natalie,Bryant,F,1983-07-23,charlesmiller@rojas.info,South Nataliemouth,Austria,2024-11-23,Silver
344,Jessica,Mcclure,F,1996-01-20,charles21@stein-mcgee.info,Anthonystad,Afghanistan,2024-10-24,Bronze
345,Michael,Jimenez,F,1964-01-30,lindsaydunn@contreras.com,New Colin,Papua New Guinea,2025-01-15,Gold
346,Teresa,Higgins,M,1966-05-30,chadgonzalez@rios.com,Rosalestown,Mexico,2021-08-04,Bronze
347,Matthew,Thornton,M,1961-12-16,qhaynes@gmail.com,New Adrienneside,Norway,2023-05-05,Silver
348,Megan,Simpson,M,1956-09-06,camachofrances@gmail.com,Jamesmouth,Dominica,2022-10-09,Gold
349,Julie,Rodriguez,F,2004-12-23,littlenicole@collins.net,East Michael,Iceland,2024-04-08,Bronze
350,Paula,Lewis,M,1959-06-02,ipatel@hotmail.com,East Benjamin,Djibouti,2024-08-20,Bronze
351,Jay,Young,F,1969-06-18,samanthavargas@ellis.org,Kentstad,Saudi Arabia,2021-12-07,Bronze
352,Kevin,White,M,1981-04-04,connorrichmond@turner-carroll.com,West Andre,Sweden,2021-11-22,Bronze
353,Christopher,Jefferson,F,1984-04-07,joshuaortiz@hotmail.com,Sandrahaven,Cameroon,2023-08-05,Bronze
354,Kathryn,Larson,M,1990-10-24,daniel00@yahoo.com,Robinsonberg,Austria,2025-12-24,Gold
355,Alicia,Griffin,M,1998-09-10,lindseydavis@norman-baker.com,Susanville,Somalia,2023-01-06,Bronze
356,David,Hernandez,F,2003-02-16,johnsonnicholas@hotmail.com,Villarrealmouth,British Indian Ocean Territory (Chagos Archipelago),2025-09-22,Gold
357,Gabriela,Miller,F,1993-06-02,caitlin01@lee.com,Riverafort,Kazakhstan,2021-02-04,Bronze
358,William,Middleton,F,2002-11-09,jameskelly@hotmail.com,Port Kaitlyn,Netherlands Antilles,2024-03-09,Silver
359,David,Gilbert,F,1978-11-25,colesummers@sanchez.com,Thomasberg,Namibia,2023-02-15,Silver
360,Taylor,Shelton,F,1988-03-20,jrichardson@long-owen.com,Freytown,South Africa,2023-07-18,Bronze
361,Katie,Cortez,M,1970-06-07,cody70@ray.com,Port Richardland,Cuba,2025-03-17,Silver
362,Gregory,Curtis,F,2003-02-28,meghan37@gmail.com,Lake Brent,San Marino,2022-04-08,Gold
363,Russell,Cervantes,M,2002-10-31,ftaylor@holt-rodriguez.com,Kingburgh,Egypt,2022-03-14,Bronze
364,Julie,Jones,M,1968-11-18,williamsonjustin@hotmail.com,Brownmouth,United States Minor Outlying Islands,2024-02-27,Gold
365,Theresa,Shelton,M,1998-03-31,marie58@hotmail.com,Shellyberg,Uruguay,2021-07-18,Bronze
366,Carrie,Boone,M,1959-03-29,laura90@abbott.info,Kaylaborough,Puerto Rico,2025-02-24,Silver
367,Samantha,Trujillo,M,1993-09-09,bhuerta@davis-hall.biz,Aguilartown,Brazil,2023-05-13,Gold
368,Brandy,Hansen,F,1976-04-16,matthewserin@gmail.com,Pierceberg,Slovenia,2023-05-21,Silver
369,Kristen,Burton,F,1965-01-25,raysmith@delgado.info,Guerrachester,Lithuania,2024-12-02,Silver
370,Sharon,Baker,M,1966-05-06,cheryl41@atkinson-mullen.info,Johnside,South Africa,2023-10-11,Bronze
371,Megan,Carey,M,1995-01-20,timothystephenson@gmail.com,Lake Anthony,Nigeria,2021-09-26,Gold
372,Barbara,Garcia,F,1975-01-13,oguerra@fuller-frye.com,Kathleenland,Lebanon,2024-12-31,Silver
373,Tina,Allen,F,1966-02-18,griffithjacob@gmail.com,Craigport,Benin,2022-12-25,Bronze
374,Vincent,Johnson,M,1987-01-08,foleysean@yahoo.com,Port Christopherchester,Sri Lanka,2023-04-04,Bronze
375,Desiree,Marshall,F,1993-04-14,debbie19@gmail.com,Lake Devinberg,United Kingdom,2023-08-20,Bronze
376,Alejandra,Hernandez,F,1993-05-10,victoriaschwartz@yahoo.com,Carsonland,Russian Federation,2025-02-07,Silver
377,Deborah,Smith,F,1963-04-28,adammorgan@gmail.com,West Andrewport,Serbia,2024-08-15,Bronze
378,David,Smith,M,1984-11-15,davenportjulie@potter.org,Lake Kelsey,Slovakia (Slovak Republic),2021-02-05,Gold
379,Rebecca,Mendoza,F,1988-09-21,milleranthony@gmail.com,North Sarahchester,Russian Federation,2021-09-21,Gold
380,Jeffrey,Rivas,M,1988-11-14,wperry@yahoo.com,North Mary,Wallis and Futuna,2022-11-06,Silver
381,Sabrina,Clayton,M,1963-05-22,tylerburton@hotmail.com,North Jenniferview,Lithuania,2021-06-18,Gold
382,Melinda,Hughes,M,1964-11-27,natashaflores@yahoo.com,Hollyshire,New Caledonia,2024-07-05,Bronze
383,Thomas,Moore,M,1993-12-14,nlynch@yahoo.com,Port Kristi,Costa Rica,2025-02-27,Silver
384,Angelica,Knight,M,1995-10-27,bartonkimberly@hotmail.com,North Kara,Kenya,2023-10-10,Bronze
385,Ryan,Jacobson,F,1992-04-04,jessicabrooks@gmail.com,Port Davidstad,Bermuda,2021-10-18,Silver
386,Lauren,Cox,M,1985-03-20,alishacunningham@anderson.info,North Kimberly,Panama,2021-11-26,Silver
387,Faith,Brown,M,1975-05-09,zhernandez@gmail.com,West Derek,Togo,2025-03-30,Bronze
388,Suzanne,Wallace,M,2001-04-01,zking@gmail.com,North Richard,Guinea-Bissau,2022-11-03,Gold
389,Virginia,Smith,F,1975-04-28,rachelroberts@alexander.com,Port Laurenburgh,Svalbard & Jan Mayen Islands,2025-07-16,Gold
390,Glenn,Burch,F,1957-08-02,angelabrown@hotmail.com,South Anita,Bhutan,2023-05-19,Silver
391,Calvin,Young,F,2001-04-11,cummingstaylor@bennett.com,East Susan,Syrian Arab Republic,2025-03-13,Bronze
392,Jose,Evans,F,2004-06-27,malikesparza@martinez.com,Russellview,Haiti,2025-09-26,Bronze
393,Shane,Malone,F,2000-12-07,jamesmathis@poole.com,North Michael,Faroe Islands,2022-10-26,Silver
394,Benjamin,King,F,1957-09-01,christopher40@stephens-ramsey.com,Markport,Kazakhstan,2022-02-05,Gold
395,John,Schmitt,F,1974-05-30,fowlerjohn@gonzalez-curry.info,Lake Anne,Croatia,2024-03-21,Bronze
396,Scott,Chen,M,1960-02-26,garrisonteresa@hotmail.com,Port Timhaven,Slovenia,2024-09-04,Gold
397,Scott,Rodriguez,M,1979-08-17,joseserrano@mccoy.com,South Christine,Jersey,2024-07-13,Gold
398,Kelsey,Avila,F,1999-02-28,parnold@keith.com,Lake Katietown,Reunion,2025-08-31,Silver
399,John,Douglas,M,1975-03-20,scottperez@chapman.com,New Amyview,Northern Mariana Islands,2021-12-24,Silver
400,Anthony,Brown,M,1973-03-27,jason08@yahoo.com,Samuelfort,Central African Republic,2023-07-26,Gold
401,Courtney,Richardson,F,1958-03-05,mario53@gmail.com,West Aaronberg,Holy See (Vatican City State),2025-11-22,Bronze
402,Ryan,Carson,M,1994-09-28,danielsims@hotmail.com,East Josephland,Afghanistan,2023-03-17,Bronze
403,Amanda,Hogan,M,1983-09-11,johnfletcher@bates-barnes.org,Lauraton,Gambia,2024-07-07,Silver
404,Tracey,Burke,F,1984-08-10,gerickson@hotmail.com,Davidhaven,Latvia,2022-11-30,Gold
405,Alexa,Brown,M,1983-02-24,stephenlittle@gmail.com,Fisherfort,Dominica,2021-07-03,Bronze
406,Tyler,Dominguez,F,1968-12-23,morrisangela@gmail.com,Riosville,Jersey,2023-09-19,Bronze
407,Ricky,Bell,F,1987-11-19,deniselambert@hotmail.com,South Matthewside,Palau,2024-07-29,Silver
408,Melissa,King,M,1996-05-07,cooperangela@daniels.com,Martinezhaven,Turkey,2025-05-20,Gold
409,Lisa,Edwards,M,2007-07-09,butlersusan@hotmail.com,Smithtown,Turkmenistan,2022-03-30,Bronze
410,Jeremy,Smith,M,1958-11-14,andrepowell@gmail.com,South Jessicafurt,Burundi,2024-06-19,Silver
411,April,Lane,F,1975-10-12,kaitlyn76@jones.com,North Anthony,Ireland,2025-04-06,Bronze
412,Richard,Moreno,F,1969-12-02,kbradley@yahoo.com,East Nicole,Finland,2021-01-15,Bronze
413,Brenda,Bradley,F,2005-05-29,mooreluke@colon.net,East Richardberg,United States Virgin Islands,2025-05-16,Bronze
414,Michelle,Jackson,M,1960-06-01,russellcarrie@yahoo.com,West Kimberlyfort,Singapore,2025-12-04,Silver
415,Allen,White,M,1958-01-29,vsmith@yahoo.com,East Kathleen,Northern Mariana Islands,2025-09-12,Gold
416,Claudia,Wyatt,F,1984-05-26,jlee@hotmail.com,Port Amy,Gambia,2025-06-16,Silver
417,Oscar,Colon,M,1988-05-14,jonesjeffrey@martinez.info,West Patrickbury,Israel,2024-12-27,Gold
418,Jackson,Reeves,M,2007-04-23,levinerobert@morgan-miller.com,North Amy,Finland,2022-07-27,Bronze
419,Stephen,Rangel,F,1995-11-06,casejennifer@parker-rogers.biz,North Jacqueline,Swaziland,2021-06-16,Gold
420,Jennifer,Mendez,F,2005-12-07,ifox@williams.com,Lindseyton,Indonesia,2023-12-25,Bronze
421,Ryan,Hall,M,1982-03-26,jamesmoon@hotmail.com,Lake Jose,Saint Martin,2024-11-23,Bronze
422,Michael,Chan,F,1990-05-12,nicholashernandez@hotmail.com,West Amanda,Egypt,2024-01-25,Silver
423,Emily,Jenkins,M,2003-03-26,cbrown@gray.com,North James,Pakistan,2022-10-25,Bronze
424,Joshua,Graves,F,2007-07-18,gcamacho@yahoo.com,Port Danielle,Aruba,2025-02-03,Silver
425,Renee,Boyd,F,1990-11-14,ericfields@gmail.com,East Ginaview,Argentina,2025-01-18,Gold
426,Garrett,Reid,F,1966-03-04,chadbean@simpson.biz,West Matthew,Mongolia,2025-04-27,Gold
427,Shawn,Villanueva,M,1971-06-17,gary96@gmail.com,Susanview,Reunion,2025-03-01,Bronze
428,Michael,Mcdonald,M,1994-03-06,kellyteresa@yahoo.com,Meganland,Christmas Island,2021-07-18,Silver
429,Matthew,Wilson,F,1998-03-20,hernandeznicholas@gmail.com,East Shaun,Macao,2024-12-14,Bronze
430,Nicholas,Williams,F,1977-09-16,carlosmiller@lee.com,North Tammy,Switzerland,2022-05-15,Silver
431,Michael,Simpson,F,2005-08-14,smithangela@freeman-whitaker.com,Sarahville,Saint Pierre and Miquelon,2024-03-08,Silver
432,Tanya,Rivas,M,1978-07-06,cynthia70@yahoo.com,New Thomas,Costa Rica,2025-01-06,Silver
433,Kristin,Hanson,F,1992-02-24,kennethcooper@miller.com,Markstad,Honduras,2025-08-18,Gold
434,Karen,Walker,F,1984-01-24,christopherbutler@yahoo.com,Port Josephville,Malawi,2023-05-01,Silver
435,Terri,Moore,F,2001-10-18,ericmcbride@walton-bishop.com,Ochoamouth,Western Sahara,2024-02-17,Gold
436,Antonio,Buchanan,F,1962-10-06,aliciamills@martinez-anderson.com,New Kathleen,Jersey,2021-12-26,Silver
437,James,Johnson,M,1997-08-04,imartinez@stevens-adams.info,New Rickyport,Marshall Islands,2024-10-02,Gold
438,Dawn,Brown,M,1970-06-27,michelleandersen@yahoo.com,Stacyport,Turkmenistan,2022-07-23,Gold
439,Meredith,Calderon,F,2001-10-17,riverajulie@gmail.com,South Davidbury,Samoa,2025-10-14,Gold
440,Timothy,Williams,M,1985-08-13,tinasawyer@hotmail.com,North Gregoryborough,Chile,2023-04-12,Bronze
441,Robert,Cowan,M,1971-01-31,bellrita@yahoo.com,Haasbury,Seychelles,2024-07-24,Silver
442,Toni,Williams,M,1969-10-12,wallacejason@cooper-miller.com,Port Elizabethstad,Fiji,2025-11-01,Bronze
443,Tyler,Logan,F,1993-12-08,wheelerelizabeth@hotmail.com,South Maryview,Serbia,2024-02-28,Silver
444,Shawn,Fletcher,M,1977-11-26,hannah22@yahoo.com,South Christina,India,2026-01-01,Silver
445,Jennifer,Lucas,M,1980-06-06,frederickchristian@yahoo.com,North Eddiestad,Togo,2021-06-20,Bronze
446,Tonya,Simpson,M,1961-10-11,brownpamela@hotmail.com,Tylerfurt,Philippines,2024-05-01,Gold
447,Renee,Rowe,F,1959-10-19,ureed@frost-cook.com,West Annaview,Poland,2025-06-23,Silver
448,Cynthia,Trevino,F,1972-05-23,aaronedwards@hotmail.com,Jasonchester,Ireland,2023-08-06,Gold
449,David,Cruz,M,1981-10-09,haley13@underwood.biz,Port Travis,Montenegro,2022-12-16,Bronze
450,Karen,Garcia,M,1982-08-17,hrojas@fisher.com,Carolynview,Djibouti,2022-09-13,Gold
451,Jason,Merritt,F,1971-09-22,brandonsimpson@foster.net,West Brookehaven,China,2024-06-14,Silver
452,Jonathan,Blanchard,F,1956-01-19,cbaker@lee.biz,New James,Wallis and Futuna,2022-12-30,Silver
453,Donna,Lin,M,2005-11-01,david34@snyder.org,Port Lisaborough,South Africa,2024-06-26,Silver
454,Cheryl,Stone,M,1970-03-01,bartonchristopher@gmail.com,Matthewchester,Iraq,2022-09-06,Bronze
455,Michael,Martinez,F,1991-08-26,contreraskaren@mitchell.org,Martinport,Finland,2022-12-19,Silver
456,Christopher,Moran,F,1985-09-20,vfinley@hotmail.com,Watsonberg,Paraguay,2025-12-13,Bronze
457,Natalie,Gonzalez,M,1988-02-12,vhodge@young.info,Cookeborough,Algeria,2022-05-18,Gold
458,Shannon,Snow,F,1990-12-30,tamaraford@alexander.org,Shanefort,Gabon,2022-01-24,Silver
459,Alicia,Donovan,M,1995-06-27,sarah13@hotmail.com,Lake Laura,Bosnia and Herzegovina,2024-05-19,Silver
460,Terri,Mcclain,M,1989-03-05,nicholas41@gmail.com,Bennettmouth,Egypt,2024-08-13,Silver
461,Katrina,George,M,1995-05-09,francisthomas@yahoo.com,Mosleytown,Albania,2025-04-09,Gold
462,Carrie,Daniels,F,1979-12-01,matthewstone@gmail.com,Tammyburgh,Tajikistan,2023-03-07,Silver
463,Lauren,Baker,M,1989-07-19,moralesstacy@yahoo.com,North Barbarahaven,Italy,2023-06-12,Bronze
464,Christine,Parker,M,1965-11-05,kellie12@mason.net,Lake Ricardo,Cuba,2024-12-03,Gold
465,Peggy,Newman,F,1977-06-09,sanderserica@hotmail.com,East Richardfurt,Philippines,2025-05-27,Gold
466,Karla,Miller,F,1986-10-12,uhaas@moore-stewart.org,Haynesmouth,Bahrain,2023-05-02,Gold
467,Kimberly,Wells,M,1995-05-14,clarkwilliam@dawson.com,Amyfort,Cambodia,2022-05-25,Gold
468,James,Huffman,M,1957-12-27,rachel21@gmail.com,New Jessica,Namibia,2025-05-31,Gold
469,Derrick,Young,F,1973-11-04,gilbert01@bauer.com,Hernandezborough,Saint Barthelemy,2025-02-02,Bronze
470,Christopher,Bruce,F,1985-10-06,logan51@carlson.com,New Tinaland,Korea,2021-09-24,Gold
471,Heidi,Wagner,F,1961-09-16,ngonzalez@hotmail.com,East Keithchester,Liechtenstein,2023-07-17,Silver
472,Andre,Mcintosh,M,1988-02-09,ortizangela@williams.org,Port Thomas,Estonia,2022-07-15,Gold
473,Robert,Schroeder,M,1962-10-07,jonathanfletcher@curtis.com,West Tammybury,Korea,2024-09-12,Gold
474,Julia,Howard,M,1958-09-14,barbara52@diaz.info,South Jimmy,Qatar,2025-11-13,Gold
475,Laura,Hatfield,F,2004-05-02,robin21@hotmail.com,Meganland,Cayman Islands,2025-03-07,Gold
476,Andrew,Flowers,M,1993-09-14,matthew75@yahoo.com,Bakerland,Dominica,2025-05-09,Gold
477,John,Martinez,F,1980-01-18,douglasjanet@henry-velazquez.com,North Sean,Gibraltar,2021-01-14,Bronze
478,Angela,Walters,M,1975-06-14,mallory78@horton-brown.com,Burnsfurt,South Georgia and the South Sandwich Islands,2024-10-10,Bronze
479,Carlos,Hubbard,F,1965-02-24,billyfreeman@hotmail.com,Stewartside,Honduras,2022-06-15,Gold
480,Tracy,Olson,M,1997-08-15,stacey78@miller.com,Donaldtown,Norfolk Island,2021-11-19,Bronze
481,Elizabeth,Walsh,M,1966-05-24,nguyenmatthew@martinez.com,West Bradleytown,Niger,2022-04-21,Silver
482,Katherine,Sullivan,F,1989-04-09,jimenezteresa@russell.org,Weberchester,Iran,2025-06-13,Gold
483,Kristina,Obrien,F,1999-01-28,hmccoy@yahoo.com,East Laura,Norway,2024-08-26,Silver
484,Jennifer,Rivera,M,2004-09-13,utravis@yahoo.com,Pamelafort,Uzbekistan,2022-12-14,Silver
485,Brandon,Mcfarland,F,1964-03-31,stephenhuff@yahoo.com,Santiagoshire,Germany,2024-06-24,Gold
486,Christopher,Long,F,1961-11-24,anthonyparrish@dyer.com,Rossmouth,Somalia,2025-01-24,Silver
487,Jennifer,Mcconnell,M,1990-11-29,timothy96@gmail.com,Victoriashire,Germany,2024-01-26,Silver
488,Jeremy,Williams,F,1985-11-20,josephgardner@miller.com,North Holly,Mauritania,2025-08-16,Silver
489,Eric,Johnson,M,2000-01-21,jmurphy@espinoza.net,Justinhaven,Bangladesh,2021-02-27,Gold
490,Andrew,Franklin,M,1994-03-01,michaelbaker@jones.com,East Michael,Netherlands,2024-05-10,Gold
491,Emily,Beasley,F,1976-06-10,rileynathaniel@gmail.com,East Robertmouth,Macao,2025-05-23,Silver
492,Rebecca,Jones,F,1960-04-01,lisa74@gmail.com,Crystalfort,Guatemala,2025-07-05,Gold
493,Alexis,Charles,M,1961-08-27,swright@hotmail.com,Garciaborough,Dominican Republic,2024-06-02,Gold
494,Christopher,Martin,M,1992-01-19,zrivera@robinson.com,New Jeffrey,Croatia,2024-03-09,Silver
495,Ann,Mccullough,M,1969-10-04,barnesolivia@yahoo.com,Jonesstad,Pitcairn Islands,2023-02-14,Gold
496,Aaron,Mccoy,M,1955-08-01,combsalexander@frank.net,Whiteland,Algeria,2022-01-24,Bronze
497,Thomas,Ward,M,1970-10-17,tatevincent@gmail.com,Markland,Iran,2025-07-05,Gold
498,Andres,Guzman,M,1959-07-27,collin94@yahoo.com,East Jacobfort,Saudi Arabia,2025-04-10,Bronze
499,Kyle,Thomas,F,1957-11-08,wayne02@liu-brown.biz,New Jason,Cook Islands,2021-02-25,Silver
500,Steven,Mahoney,F,1991-06-11,atkinsondavid@yahoo.com,North Lindaborough,Serbia,2023-10-30,Gold
501,Karen,Lawrence,F,1973-11-26,brittanyharris@yahoo.com,Fletcherchester,Grenada,2021-08-26,Silver
502,Angela,Nelson,M,1973-06-16,danderson@ball.com,Williamschester,Vietnam,2023-10-11,Silver
503,Megan,Orozco,F,1987-08-27,williamsleslie@harris.com,Lake Alisonchester,Angola,2022-03-30,Silver
504,Marcus,Blake,M,2001-01-12,huffmandavid@graves.biz,Yolandaburgh,Serbia,2023-04-14,Silver
505,Joseph,Walsh,M,1972-07-23,josephdorsey@hotmail.com,New Meghan,Madagascar,2023-03-21,Silver
506,Jeanne,Gordon,F,1977-09-04,daniellelong@gill.net,Jenniferport,Mozambique,2022-05-19,Gold
507,Mark,Smith,M,1960-03-28,fordkathy@hotmail.com,Adamville,Bouvet Island (Bouvetoya),2021-08-14,Bronze
508,Darryl,Duncan,M,1960-01-09,washingtonbelinda@hotmail.com,Lewisfurt,Saint Martin,2021-04-16,Gold
509,Henry,Johnson,M,1973-09-21,xreed@yahoo.com,Barnettfort,Russian Federation,2024-11-03,Gold
510,Ashley,Hensley,M,1970-07-23,craigkristin@friedman.com,Tinaberg,Marshall Islands,2024-01-08,Gold
511,Seth,King,M,1982-07-16,zbrooks@hamilton-wood.com,Vasquezland,Nicaragua,2021-10-30,Gold
512,Amber,Watson,M,2005-12-27,igrant@campbell.net,New Angelica,Georgia,2025-02-27,Bronze
513,Vincent,Alexander,F,2000-12-19,barronkristen@watkins.com,Averyberg,United States Minor Outlying Islands,2023-10-23,Gold
514,Christine,Greene,M,1974-03-26,ellismatthew@hotmail.com,West Samantha,United States Minor Outlying Islands,2026-01-12,Silver
515,Jennifer,Wang,M,1975-12-03,garrett63@garcia.com,West Shannon,Sao Tome and Principe,2021-10-11,Gold
516,Nicole,Miller,M,1986-08-30,richardscott@bradshaw-stevens.com,Port Amanda,Oman,2024-02-13,Gold
517,Amy,Moss,M,1988-12-04,lisa23@hotmail.com,Julieberg,Norway,2023-09-20,Bronze
518,Sean,Cunningham,F,1961-06-10,rmartinez@gmail.com,Millerbury,Bhutan,2021-04-14,Bronze
519,Chad,Smith,F,1968-03-12,sarabrooks@hotmail.com,Hickschester,Lithuania,2024-02-03,Silver
520,Caitlin,Miller,M,1965-09-24,fritzjose@johnston.com,North Desireefort,Palau,2024-08-19,Gold
521,James,Peters,M,1965-09-14,jsalinas@bryant-garner.com,New Kylehaven,Korea,2024-08-24,Gold
522,Lacey,Walters,M,1976-05-06,thomasshelby@gmail.com,Port Lisachester,Congo,2021-07-03,Gold
523,Wendy,Zimmerman,F,1970-10-16,michaelbass@king.com,West Andreaside,Holy See (Vatican City State),2021-12-24,Silver
524,Jacob,Guerrero,F,1986-12-31,nthomas@webb-lynch.com,Amytown,Singapore,2022-07-20,Bronze
525,Maria,Jones,F,1998-06-21,jdavis@mann.net,Port Wayneview,Netherlands Antilles,2025-07-26,Silver
526,Julie,Willis,F,1961-05-18,whall@weber-smith.com,Lawrencestad,Guinea,2024-07-05,Gold
527,Natasha,White,M,1987-03-10,chadrodriguez@wallace-ramirez.com,East Abigail,Estonia,2025-11-30,Bronze
528,Brenda,Sanchez,F,1959-09-21,oalvarez@wright.com,Marciabury,Falkland Islands (Malvinas),2025-07-02,Bronze
529,Linda,Stokes,F,1962-09-15,krauserobert@bennett.com,Joshualand,Armenia,2022-10-21,Silver
530,Deanna,Morrison,M,1994-09-28,watsonbrett@yahoo.com,East Jacobland,Puerto Rico,2022-08-15,Bronze
531,Nicholas,Wilson,M,1967-11-05,hmcintyre@larson.com,Seanview,Cayman Islands,2021-02-20,Bronze
532,Jerry,Sullivan,F,1990-04-22,ashley88@sharp-compton.net,Wrightton,Malta,2021-08-13,Gold
533,Ashley,Pham,F,1959-04-14,jamieowens@hotmail.com,West Jessica,Cook Islands,2021-04-19,Gold
534,Maria,White,F,1961-08-11,johnsontracey@barnes.org,New Mario,Swaziland,2022-05-08,Bronze
535,Jesse,King,F,1971-09-24,kimberly74@gmail.com,Port Luis,Niue,2023-09-24,Bronze
536,Jennifer,Scott,M,1958-12-27,julie11@sloan.net,Nicholasshire,Syrian Arab Republic,2022-11-05,Silver
537,Alexandra,Cox,M,1962-01-06,brian52@yahoo.com,South Angelafurt,Niue,2021-07-10,Silver
538,Jared,Kim,F,1981-05-06,butlerthomas@yahoo.com,Joshuamouth,Saudi Arabia,2024-10-20,Bronze
539,Brian,Clark,F,1997-02-07,alec00@gmail.com,New Donaldshire,France,2021-10-25,Gold
540,Pamela,Parks,F,1983-10-10,umoody@gutierrez-malone.com,South Elizabethfurt,Malawi,2023-01-27,Bronze
541,Monique,Lyons,F,1995-08-23,cainjennifer@norman.info,Bryanland,Senegal,2023-09-24,Bronze
542,Daniel,Todd,F,1966-10-27,smeadows@acosta-williams.info,Scottchester,Argentina,2024-09-07,Gold
543,Roger,Preston,M,1976-04-05,johnsonbrian@sheppard.com,Jenniferberg,Guernsey,2025-04-09,Gold
544,Robert,Bautista,M,1997-08-09,zhenderson@hamilton-stafford.com,Webbbury,Ecuador,2021-06-17,Silver
545,Brenda,Ibarra,M,1972-08-28,alvaradorobert@gmail.com,Riverabury,Hong Kong,2025-04-08,Silver
546,Peter,Phillips,F,2003-08-24,thompsonjohn@young-newman.com,Jensenbury,Gambia,2023-06-06,Silver
547,Allison,Dunlap,F,1960-01-28,francis35@tucker.com,Lake Eric,Austria,2023-11-20,Silver
548,Lori,Mclaughlin,M,1968-08-29,garciaalice@gmail.com,Susantown,Portugal,2025-11-17,Gold
549,Heather,Forbes,M,1972-05-28,huntshannon@gmail.com,West Elizabethmouth,Zambia,2024-08-30,Bronze
550,Lindsey,Morton,F,1995-07-11,ryan46@clark.com,Nathanieltown,Turkey,2021-03-18,Silver
551,Jeff,Simmons,M,1996-05-05,christine21@hotmail.com,Briannaborough,Iceland,2022-11-24,Silver
552,Holly,Hopkins,F,1981-12-07,traceyharrison@williams.com,North Lori,Vietnam,2022-05-31,Gold
553,Jack,Stone,F,1968-03-04,audrey97@gmail.com,Jesseport,Panama,2024-06-10,Gold
554,Scott,Becker,M,1968-12-23,josephaguilar@gmail.com,West Jennifer,Armenia,2024-06-08,Bronze
555,Margaret,Smith,M,1995-02-25,johnparker@yahoo.com,Lake Michael,Equatorial Guinea,2021-09-04,Bronze
556,Erica,Carney,M,1964-04-20,kcallahan@hotmail.com,West Rebecca,Chile,2022-11-06,Gold
557,Kimberly,Luna,F,1976-08-09,nicholas61@gmail.com,West Lisa,Saudi Arabia,2021-06-04,Silver
558,Robert,Morris,F,1963-06-11,theresa62@brown.org,Morrisfurt,Barbados,2021-07-18,Silver
559,Denise,Edwards,M,1988-04-07,katherinegomez@reed.biz,Nolanport,French Guiana,2025-12-25,Silver
560,Cheryl,Reed,F,1990-10-05,brandon21@turner-brown.com,Port Michaelton,Vietnam,2023-12-25,Bronze
561,Donald,Blair,F,1979-06-16,toliver@gmail.com,West Lauratown,Equatorial Guinea,2025-10-16,Silver
562,Ivan,Harper,F,2006-07-29,joseburton@hotmail.com,East Melanie,Namibia,2023-10-07,Silver
563,Amanda,Barr,M,1985-10-12,dwaters@burke-wilson.com,New Scottberg,Bermuda,2021-10-27,Gold
564,Jessica,Wilson,F,1981-07-11,williamskaren@hotmail.com,West Stephenfurt,Rwanda,2024-04-06,Silver
565,Jennifer,White,M,1982-12-31,walterdebra@nichols.com,Johnsonfort,Guatemala,2023-05-12,Gold
566,Danny,Park,M,1980-04-23,erinhernandez@gmail.com,North Eileen,Czech Republic,2024-12-13,Silver
567,Steven,Shaw,F,1996-08-16,rhumphrey@hotmail.com,Boydville,Egypt,2021-03-02,Bronze
568,Jorge,Perez,M,1997-03-01,orobinson@hotmail.com,South Derekshire,Bouvet Island (Bouvetoya),2024-01-13,Silver
569,Matthew,Lawrence,F,1977-12-15,agoodwin@chapman-arellano.org,Port Eric,Maldives,2024-03-15,Silver
570,Justin,Sherman,M,1966-04-01,elaineclay@gmail.com,Johnnyport,United States of America,2025-05-04,Gold
571,Heidi,Lutz,M,1982-05-24,jenniferlee@watson-jones.com,Lake Kellymouth,Mauritania,2024-01-28,Gold
572,Lisa,Mclean,F,1999-08-05,shannondrake@hotmail.com,New Chris,Pitcairn Islands,2024-01-05,Gold
573,Todd,Young,M,1974-11-03,alison71@hayes-levy.com,East Angel,Guatemala,2023-02-28,Silver
574,John,Lambert,M,1980-03-20,rodriguezbeth@yahoo.com,Port Tracy,Senegal,2025-12-27,Silver
575,Hannah,Williams,M,1991-11-09,katie12@yahoo.com,Calvinburgh,United Arab Emirates,2021-11-12,Bronze
576,Brian,Cohen,F,2001-11-28,michael89@allen-king.biz,Port Jamesshire,Senegal,2025-10-24,Silver
577,Destiny,Butler,F,1990-11-24,jlopez@christensen.com,Sellersview,Ecuador,2024-02-22,Bronze
578,Jeffrey,Gutierrez,M,1958-02-20,kingmichael@schroeder.biz,Port Julie,United States Minor Outlying Islands,2025-06-09,Gold
579,Eric,Hester,M,2004-07-18,pamela90@bryant.com,Stevensonbury,French Polynesia,2025-12-06,Gold
580,Jessica,Pena,M,1962-09-20,msmith@henry.com,New Elizabethview,Turkey,2025-06-18,Gold
581,Stacy,Dixon,F,1984-07-30,cynthiaburton@gmail.com,Robinsonberg,Saint Vincent and the Grenadines,2021-05-28,Bronze
582,Steven,Beasley,F,1978-01-28,michaelbailey@moreno.com,Harryshire,Jamaica,2021-02-19,Silver
583,Michael,Wood,M,1998-02-13,fweber@hotmail.com,Lake Rebecca,Samoa,2022-07-28,Gold
584,James,Ross,F,1986-12-15,jerrysmith@hotmail.com,West Jonfurt,Azerbaijan,2025-10-13,Silver
585,Elizabeth,Huffman,F,1990-06-13,mali@mendoza-romero.net,Rayhaven,Egypt,2022-03-30,Silver
586,Jonathan,Solomon,F,1990-09-27,garciaallen@hotmail.com,Lopezside,Somalia,2021-07-18,Gold
587,Donald,Woods,F,1991-09-12,robertthomas@hill.com,Morganport,Cook Islands,2025-07-12,Bronze
588,Ronnie,Silva,M,2006-10-05,newtonmitchell@kennedy-stafford.com,Port Tanya,Chile,2025-03-05,Silver
589,Randy,Estrada,F,1982-09-19,sconley@kelly.com,Williechester,Turks and Caicos Islands,2023-08-19,Gold
590,David,Logan,F,1978-02-25,brittany63@williams.com,Armstrongton,Lithuania,2021-04-04,Silver
591,Johnny,Reid,M,1969-08-10,castanedabob@hotmail.com,Wilsonfort,French Southern Territories,2021-06-30,Silver
592,Kristin,Murray,M,1977-11-21,myerssteven@pitts.info,East Jason,Marshall Islands,2022-11-14,Silver
593,James,Watson,F,1961-04-01,jrichardson@rodriguez-blake.com,Shawton,Qatar,2025-01-02,Silver
594,Kristina,Burns,F,1983-04-28,roachveronica@reyes.biz,North Codyport,Burkina Faso,2023-12-15,Silver
595,Maria,Long,M,1967-07-11,amyalvarado@hotmail.com,Port Jonathan,Zimbabwe,2023-04-22,Bronze
596,Dawn,Myers,M,1988-11-24,rhonda03@skinner.com,New Jason,Lesotho,2022-11-18,Bronze
597,Kevin,Friedman,M,2007-10-30,peter34@hotmail.com,Clarkstad,Malaysia,2023-12-07,Gold
598,Emily,Green,F,1968-01-07,morseamber@hotmail.com,North Candice,Nigeria,2021-11-22,Bronze
599,Anthony,Smith,F,1961-02-13,belljoseph@gmail.com,North Annefort,Pakistan,2023-05-16,Bronze
600,Stacey,Harrison,M,1978-09-15,maryrodriguez@aguilar.info,Cynthiamouth,Suriname,2023-11-18,Bronze
601,Curtis,Perry,F,1979-03-15,jennifercaldwell@hotmail.com,Port Matthew,Colombia,2022-09-23,Silver
602,Tanner,Young,M,1980-09-19,qadams@yahoo.com,South Ryan,Swaziland,2025-01-25,Silver
603,Derrick,Kennedy,F,1965-03-03,michael65@gmail.com,Hudsonstad,Greece,2023-05-14,Gold
604,Gabriel,Rodriguez,M,1994-06-26,qtaylor@gmail.com,Lake Amyville,Faroe Islands,2024-01-06,Gold
605,Sharon,Torres,M,2003-05-05,clayton09@hotmail.com,Kingbury,China,2025-07-07,Gold
606,James,Durham,F,1992-01-31,lauragreen@yahoo.com,North Alexis,Iraq,2025-09-22,Silver
607,Steve,Willis,F,1981-10-24,dawsonandrea@ramirez.com,Bethfort,Ecuador,2025-05-24,Bronze
608,Jeffrey,Kelly,F,1994-01-02,hmiles@khan.com,Anthonyland,Burundi,2022-07-19,Bronze
609,April,Butler,F,1962-01-12,qpeterson@gmail.com,Johnsonville,Dominica,2022-01-22,Silver
610,Donald,Hays,F,1961-04-08,nthomas@callahan.org,Valerieborough,Taiwan,2025-04-16,Gold
611,Abigail,Sanders,F,1966-12-19,sheila06@yahoo.com,Calderonton,Swaziland,2024-03-17,Gold
612,Nicholas,Weber,M,2005-05-11,yuangela@hotmail.com,Smithborough,Greece,2023-07-12,Gold
613,Nicole,White,F,1962-01-16,dominguezvincent@yahoo.com,Lake Lindsey,Turkey,2024-01-14,Silver
614,Melissa,Sherman,M,1965-08-06,michelle39@yahoo.com,Lake Jamesstad,Greenland,2023-10-04,Gold
615,Alexander,Nguyen,M,1986-02-15,zwalters@hotmail.com,Robertton,Kiribati,2024-04-12,Gold
616,Kevin,Mendoza,F,1986-01-06,pearsonian@yahoo.com,New Bryan,Thailand,2024-09-02,Silver
617,Megan,Howard,M,1991-07-24,destiny11@jackson-phelps.com,West Aaronside,Sweden,2024-09-06,Bronze
618,David,Cunningham,M,2007-08-04,prichardson@gmail.com,Littlechester,Gibraltar,2024-06-26,Silver
619,Diana,Grant,F,1990-10-18,carrollamanda@hotmail.com,Port Scottshire,Estonia,2026-01-10,Silver
620,David,Pratt,F,1991-08-04,yfrazier@gomez.com,Port Jose,Bhutan,2022-07-09,Silver
621,Dana,Martinez,F,1976-12-22,christopherlyons@moreno.info,East Brucebury,Moldova,2023-08-29,Silver
622,Melissa,Middleton,M,1957-11-06,david57@wilson.com,East Denisefurt,Tanzania,2022-08-13,Bronze
623,Thomas,Wilkerson,F,1983-10-07,ghall@gmail.com,Port Max,Gabon,2024-12-15,Gold
624,Jennifer,Thompson,F,1996-08-19,jasminecarpenter@hotmail.com,South Sean,British Virgin Islands,2024-01-10,Silver
625,Mark,Weaver,F,1962-07-08,williamrose@hoffman.com,Howardberg,Madagascar,2026-01-10,Bronze
626,Mark,Campbell,F,1977-11-27,susanhall@clark-vasquez.com,West Dawnbury,Cape Verde,2021-05-09,Gold
627,Carmen,Walker,M,2000-09-11,christianburnett@jones.com,East Willieview,Barbados,2025-06-16,Gold
628,Angela,Reeves,F,1967-04-03,laurie91@garcia.com,Port John,Sierra Leone,2022-04-20,Gold
629,Jillian,Mendez,M,1956-06-28,brentwhite@hotmail.com,Markview,Vanuatu,2022-07-08,Silver
630,Thomas,Parks,F,2001-05-03,lisatorres@sullivan.com,South Michelle,United Kingdom,2022-05-05,Silver
631,Haley,Mitchell,M,1971-02-02,gloria30@gmail.com,Pereztown,Russian Federation,2024-11-09,Gold
632,Steven,Torres,M,1970-11-27,randolphsteven@hotmail.com,Port Sean,Antarctica (the territory South of 60 deg S),2025-02-04,Gold
633,Connie,Diaz,M,1998-03-07,crystal99@gmail.com,East Angelafort,Thailand,2022-05-15,Gold
634,Melissa,Bean,F,1960-10-08,jessicathornton@yahoo.com,Rothfurt,Guadeloupe,2023-05-26,Gold
635,Jennifer,Solis,M,1981-03-26,twyatt@hawkins.com,Teresafurt,Sao Tome and Principe,2023-04-16,Gold
636,Thomas,King,F,1990-10-16,umiller@yahoo.com,Briggstown,Barbados,2022-03-31,Gold
637,Aaron,Brooks,F,1984-02-13,lthompson@kerr.com,Martinfort,Guyana,2022-10-31,Bronze
638,Brittany,Lopez,F,1971-04-08,berrydiane@hotmail.com,West Chelsea,Gambia,2025-12-25,Gold
639,Juan,Clark,F,1976-03-27,jeffery10@yahoo.com,Alyssabury,Mexico,2024-04-17,Silver
640,Ann,Morris,F,1978-07-13,angel61@duffy.com,Whitechester,Lesotho,2025-03-08,Silver
641,James,Hahn,M,1963-06-20,fperkins@hotmail.com,Sarahhaven,Mongolia,2023-02-08,Silver
642,Adam,Michael,F,1998-11-25,perrysamuel@gmail.com,Mossport,Costa Rica,2021-11-26,Gold
643,Stephanie,Mccoy,M,1975-06-04,marypaul@johnson-rogers.info,Hallshire,Cook Islands,2022-03-25,Silver
644,Bryan,Johnson,M,1969-08-27,jenna59@hotmail.com,Lake Anthonyfurt,Jamaica,2022-02-09,Bronze
645,Michele,Martin,M,1968-04-03,jessejones@gmail.com,West Shane,Benin,2021-05-01,Gold
646,Ronald,Wise,M,1965-04-20,ggibson@yahoo.com,Lake Autumn,Sudan,2021-10-28,Silver
647,Amy,Wells,M,1995-05-09,douglasgutierrez@gmail.com,East Katherine,New Caledonia,2025-03-29,Bronze
648,Mark,Rogers,M,1995-04-15,lisa69@hotmail.com,Derrickburgh,Marshall Islands,2022-03-06,Bronze
649,Lisa,Taylor,M,1975-04-27,lancesimpson@dawson.com,East Christopherland,Russian Federation,2021-07-29,Silver
650,Susan,Newton,F,1978-07-23,wsanders@santos.net,Steeleside,Swaziland,2023-04-10,Bronze
651,Donald,Brown,M,1999-06-20,cmccormick@cooper.org,Malonetown,Marshall Islands,2025-05-07,Silver
652,Randall,Reeves,F,2001-05-07,carolyn60@yahoo.com,Danafort,Honduras,2025-10-17,Bronze
653,Justin,Escobar,M,1965-07-17,bstone@gmail.com,Nelsontown,Austria,2024-08-29,Gold
654,Amy,Maxwell,M,2002-03-05,thomas71@hotmail.com,Carlostown,Mayotte,2024-03-15,Gold
655,Megan,Adams,M,1965-05-06,shepardsandra@hines-palmer.net,South Jamesview,Northern Mariana Islands,2021-02-26,Gold
656,Natalie,Ellis,M,1957-05-03,mcgeekaren@yahoo.com,Tamifurt,Guinea-Bissau,2024-12-19,Gold
657,Andrew,Johnson,F,1962-07-22,eedwards@yahoo.com,East Rodney,Mali,2023-10-07,Gold
658,Rebecca,Cain,F,1979-02-18,ymiller@hotmail.com,West Michaelburgh,Togo,2023-03-16,Silver
659,Michael,Reynolds,F,1969-10-26,alvarezandrea@woods.org,East Jamesshire,Saint Pierre and Miquelon,2022-11-03,Gold
660,Amber,Andersen,M,2004-11-23,barrettsarah@kelly-pace.com,Danielmouth,Bermuda,2023-08-05,Gold
661,Ryan,Elliott,M,1985-07-05,jennifer14@yahoo.com,South Kaylaburgh,Israel,2022-05-24,Gold
662,Joseph,Bautista,M,2006-12-15,larsonmatthew@gmail.com,South Loribury,Gambia,2024-11-22,Gold
663,Eric,Hernandez,F,1991-01-19,markgarcia@rodriguez-zimmerman.info,Markchester,Morocco,2025-01-04,Bronze
664,Daniel,Gonzalez,M,1969-10-05,angel95@rios.com,Garnerbury,Faroe Islands,2021-09-11,Gold
665,Jerry,Shaw,F,1966-08-26,ronald99@yahoo.com,West Amber,United Arab Emirates,2024-07-25,Gold
666,Barbara,Aguirre,F,1993-01-31,douglas49@frazier.biz,Michaelville,Norway,2024-09-30,Silver
667,Matthew,Allen,M,1997-08-21,holly76@maxwell.com,South Maria,Eritrea,2023-08-03,Bronze
668,Michael,Cooper,M,2000-04-01,ygarcia@gmail.com,Jonathanfurt,Guadeloupe,2024-04-07,Silver
669,Gary,Yoder,F,1997-08-29,parrishdavid@woods.org,Mosstown,Barbados,2025-08-17,Gold
670,Alyssa,Martin,F,2003-05-02,moorecrystal@harris.com,Paulhaven,Chad,2022-02-15,Silver
671,Jonathan,Hunter,F,1978-02-16,paulfoster@yahoo.com,Grahamfurt,United States Minor Outlying Islands,2023-03-20,Silver
672,Natalie,Jones,M,2007-03-25,jaredcampbell@schwartz.com,Riggsburgh,Cambodia,2021-07-24,Gold
673,Jessica,Johnson,M,1962-04-07,garyrogers@hotmail.com,Lake Melissafurt,Egypt,2021-04-16,Bronze
674,Elizabeth,Smith,M,2004-04-18,martinezclarence@gmail.com,West Crystal,Poland,2022-06-12,Bronze
675,Samuel,Johnson,M,1998-04-07,maria76@shepherd.org,Cherylberg,Lao People's Democratic Republic,2024-01-24,Silver
676,Kevin,Sweeney,M,1978-07-14,christopherreid@mullins-miller.com,Timothymouth,Nauru,2024-08-14,Gold
677,Joseph,Holmes,M,1972-01-12,anthony59@hotmail.com,North Wyattburgh,Bosnia and Herzegovina,2021-08-10,Silver
678,Charles,Moyer,F,1974-07-20,gneal@spears.com,Robertview,Colombia,2024-10-05,Silver
679,Richard,Jackson,F,1989-11-26,shanepowell@holland.com,Stevenchester,Guinea-Bissau,2021-06-02,Silver
680,Theresa,Mcdonald,F,2000-11-02,wgarcia@yahoo.com,Rodriguezville,Barbados,2022-03-14,Gold
681,Paul,Thompson,M,1971-02-17,srogers@richardson-chavez.net,Lake Wayne,Turkey,2023-12-13,Gold
682,Heather,Koch,F,1977-04-27,fitzpatrickjustin@gmail.com,New Jonathanfort,Tuvalu,2024-10-01,Bronze
683,Michael,Dyer,M,1961-10-13,mary42@johnson.com,Greenburgh,Rwanda,2023-12-23,Gold
684,Taylor,Burgess,M,2003-07-03,michael69@gmail.com,East Andrew,Senegal,2024-06-21,Silver
685,Nathaniel,Young,F,1959-10-29,zwilson@nixon.com,North Mariaberg,Uganda,2021-09-28,Silver
686,Richard,Green,M,1971-12-21,watkinslauren@hotmail.com,Pamelafort,Tuvalu,2022-06-04,Bronze
687,Amy,Rodriguez,F,2004-05-26,sheila09@cox.org,Christopherchester,Pakistan,2022-06-02,Gold
688,Lori,Edwards,F,1992-07-08,shane62@yahoo.com,West Gregoryland,Antigua and Barbuda,2024-08-14,Silver
689,Clinton,Jones,M,1983-11-12,jane45@yahoo.com,East Anna,Uganda,2023-02-19,Bronze
690,Margaret,Mitchell,F,1994-01-08,psharp@gmail.com,Davisstad,Argentina,2021-12-17,Bronze
691,David,Branch,F,2004-04-17,newmanrichard@jordan.com,Gainesborough,Angola,2023-09-30,Silver
692,Nathaniel,Hines,F,2001-03-17,vincenthanna@hotmail.com,West Emily,Netherlands,2025-10-02,Silver
693,Bobby,Nelson,F,1960-12-06,jlane@miller-hart.com,Breannaview,Armenia,2023-01-16,Gold
694,Jessica,Thompson,M,1966-05-12,tracyjones@gmail.com,Lake Jane,New Caledonia,2025-10-01,Bronze
695,Raymond,Hanson,F,1990-01-14,kyleharris@hotmail.com,Veronicaberg,Italy,2025-10-08,Silver
696,Rachel,Griffin,F,1962-11-21,annettesmith@yahoo.com,South Belinda,Nigeria,2021-07-30,Bronze
697,Jeffrey,Shaw,F,1972-07-10,awilson@yahoo.com,New Rebeccaport,Kuwait,2021-11-01,Gold
698,Seth,Turner,M,1972-12-25,duncanjoseph@morales.info,Port Alyssa,Western Sahara,2023-08-11,Silver
699,Carl,Adams,F,1967-06-16,cindyshaw@palmer.com,Lloydstad,Hong Kong,2025-02-09,Gold
700,Heather,Jenkins,M,1982-04-01,stephenmartinez@meyer.com,South Paulmouth,Lithuania,2022-11-04,Bronze
701,Nicholas,Gonzalez,F,1994-10-21,bryanpennington@gmail.com,Katherinechester,Cyprus,2023-02-26,Gold
702,Jessica,Robinson,F,2001-10-10,michael51@yahoo.com,Colemanport,Martinique,2023-06-05,Gold
703,Terrance,Freeman,F,1967-12-21,rhondagreene@gmail.com,North Kimberlyborough,Macedonia,2023-09-11,Bronze
704,Steven,Berry,M,1958-07-18,raymond10@yahoo.com,New Michael,Liberia,2025-04-02,Gold
705,Troy,Franklin,M,1999-02-21,russell95@serrano.net,West Mary,Malta,2022-05-14,Bronze
706,David,Adams,M,1972-09-12,robertcampbell@hotmail.com,Lake Mariastad,Comoros,2024-05-31,Silver
707,Christina,Johnson,M,2001-12-07,asmith@barton.info,Calebstad,Luxembourg,2022-12-14,Bronze
708,Stephen,Richardson,M,1980-04-30,sarahadams@wells.biz,East Audreyfort,Congo,2022-12-25,Bronze
709,Sharon,Robinson,M,2005-03-01,bassryan@yahoo.com,Port Billyberg,Niue,2021-07-28,Silver
710,Jill,Figueroa,F,1966-02-01,parkercody@sampson.com,Faithside,Mongolia,2024-11-21,Bronze
711,Danielle,Chapman,M,1977-05-21,carolyn89@yahoo.com,Lake Jessica,Guam,2023-04-28,Silver
712,Tyler,Ware,F,1988-11-02,merritttina@gmail.com,Lake Desireefurt,Timor-Leste,2024-08-29,Silver
713,Edward,Davis,M,1962-06-29,davidjones@peck.info,Lake Kristin,Dominican Republic,2025-04-12,Bronze
714,Sarah,King,M,1971-04-04,teresawilson@hotmail.com,North Tanyastad,China,2023-04-19,Gold
715,Aaron,Marshall,M,1977-01-10,peter70@hotmail.com,Taylormouth,Nepal,2023-05-07,Gold
716,Jessica,Taylor,F,1976-03-03,steve29@hotmail.com,Port Melanieburgh,El Salvador,2025-06-30,Silver
717,Justin,Myers,M,1973-11-19,grantjoseph@gmail.com,Cruzville,Cook Islands,2025-06-04,Gold
718,Rebecca,Bridges,M,1980-02-16,jacob80@woods.com,North Kevinburgh,Nauru,2024-06-04,Gold
719,Kristen,Cook,F,1995-01-06,christinaphillips@yahoo.com,Rodriguezberg,Iraq,2023-08-09,Bronze
720,Kathryn,Monroe,F,1966-04-15,mitchelltiffany@yahoo.com,Maysmouth,Guadeloupe,2024-02-07,Silver
721,Amanda,Moore,F,1957-05-15,cartermichael@osborne.com,West Kristyborough,Armenia,2021-11-07,Silver
722,Shawn,Walker,F,1978-08-16,phuang@yahoo.com,South Kimberlytown,Ghana,2022-01-07,Bronze
723,Veronica,Shields,M,1964-07-08,zgarcia@hotmail.com,South Justin,Netherlands Antilles,2024-04-12,Gold
724,Nicole,Jacobs,F,1960-05-25,rstone@gmail.com,Monicatown,Vietnam,2024-06-05,Silver
725,Steve,Nguyen,M,1955-06-09,millerchad@farley-white.biz,Lake Edwardview,San Marino,2025-12-27,Gold
726,Francisco,Fox,M,1963-10-18,turnervirginia@hotmail.com,Hoodland,Gambia,2025-08-02,Silver
727,Rita,Murray,F,1996-12-21,tina21@allen-leonard.biz,Andreachester,Svalbard & Jan Mayen Islands,2024-11-28,Silver
728,Darin,Floyd,M,1992-06-23,emily30@gmail.com,Bennettton,Holy See (Vatican City State),2021-07-16,Silver
729,Andrea,Williams,F,1992-04-18,oscaratkins@gutierrez.com,Port Jessica,Myanmar,2022-01-12,Silver
730,Charles,Collier,M,2002-04-24,davidbrown@gmail.com,Carolside,Guam,2022-07-21,Gold
731,Jason,Lopez,F,2002-11-02,davisdennis@smith.com,New Amberville,Angola,2024-05-22,Gold
732,Melissa,Gray,F,1983-12-19,lauren24@gutierrez-lopez.com,North Taratown,Norfolk Island,2021-03-24,Gold
733,Kendra,Galvan,F,2001-02-28,janetdaugherty@yahoo.com,Whitebury,Denmark,2023-08-30,Gold
734,Jonathan,Woodward,F,1961-03-28,marypotter@yahoo.com,Ericville,Ireland,2025-09-21,Bronze
735,Shannon,Walker,F,1997-12-25,xgarcia@hotmail.com,West Tiffanybury,Faroe Islands,2021-06-02,Silver
736,Wesley,Powell,F,1977-09-05,caitlin23@gmail.com,North Roger,Suriname,2025-09-12,Silver
737,Maria,Baker,M,1983-06-21,wanda57@hotmail.com,Oneillbury,Mozambique,2024-07-27,Silver
738,Amy,Allison,M,2006-04-14,andrewharrison@yahoo.com,Hollytown,Venezuela,2023-08-04,Bronze
739,Nicole,Stewart,M,1991-04-25,krystal88@gmail.com,Debbiefort,Mali,2024-04-14,Gold
740,Aaron,Clark,F,2004-03-12,hannah40@wilson-holden.info,Bensonberg,Australia,2023-09-10,Silver
741,Trevor,Williams,M,1983-02-14,gsampson@stewart.com,Valerieton,Malaysia,2021-04-19,Gold
742,John,Hayes,F,1957-09-29,ygardner@ferguson.com,North Brad,Nigeria,2025-09-28,Gold
743,Bobby,Wood,M,2005-12-24,gabriel58@gmail.com,Elizabethberg,Uzbekistan,2022-08-10,Bronze
744,Eric,Shaw,M,1972-04-27,barkerkatie@yahoo.com,North Christopher,Saint Helena,2024-01-16,Bronze
745,Nancy,Sims,F,2007-12-13,mitchellbenjamin@yahoo.com,West Jamie,Moldova,2023-06-28,Gold
746,Jennifer,Conner,M,1993-10-04,cmoore@acevedo.com,Danielton,Japan,2023-06-20,Silver
747,Andrew,Frank,M,1985-12-16,xbrown@velez.com,Patrickport,Romania,2022-07-19,Silver
748,Lindsay,Cervantes,M,2003-12-31,williamspaul@hotmail.com,Perezshire,Syrian Arab Republic,2022-03-22,Bronze
749,Jacob,Page,F,1960-01-06,youngalexis@patterson.com,Patrickhaven,American Samoa,2023-07-25,Bronze
750,Steven,Duarte,M,1968-07-29,monica68@gmail.com,Port Felicia,Slovenia,2022-11-13,Bronze
751,Christina,May,F,1995-03-03,davidfarmer@gmail.com,Madisonfort,Bangladesh,2024-11-08,Bronze
752,Brian,Jennings,M,1984-04-08,garnerrichard@gmail.com,Barbarafurt,Libyan Arab Jamahiriya,2023-05-19,Bronze
753,Sean,Yu,M,1964-04-12,kramirez@mcneil.com,East Adrian,Madagascar,2023-12-31,Bronze
754,Candace,Ortiz,M,1959-08-24,browndavid@brown-meyers.com,North Gabrielle,Maldives,2023-12-10,Bronze
755,Cheryl,Johnson,M,1976-11-27,jwhitney@martinez-watkins.com,Edwardhaven,Vietnam,2025-06-24,Silver
756,Jennifer,Riley,F,1958-09-21,rhonda82@hotmail.com,Conwaytown,Grenada,2022-08-21,Bronze
757,Jeffrey,Daugherty,M,2000-06-18,csmith@bridges.biz,Chanstad,Cote d'Ivoire,2024-01-27,Bronze
758,William,Higgins,F,1991-02-08,john78@yahoo.com,Oliviaview,Norway,2022-11-19,Silver
759,Tyrone,Dawson,F,1986-12-07,tlee@holland.com,Pattyburgh,Kiribati,2022-04-03,Silver
760,William,Wilson,M,1984-06-04,efoley@greene.info,South Jenniferport,South Africa,2023-02-20,Gold
761,Kyle,Ramirez,M,1973-05-30,xhoover@yahoo.com,New Ruthfort,British Indian Ocean Territory (Chagos Archipelago),2021-07-04,Bronze
762,Ralph,Morrow,F,1972-11-25,michaelgonzalez@gmail.com,North Heatherville,Romania,2023-10-03,Bronze
763,Kim,Arellano,F,1963-06-06,perryapril@charles.com,Cookland,Cook Islands,2024-01-08,Bronze
764,James,Hayes,M,1988-06-12,wrightpatricia@murray.org,Markmouth,Guinea,2024-02-18,Bronze
765,Brandon,Mcdonald,M,1956-06-10,krystalgriffin@taylor-miller.biz,North Heatherchester,Montenegro,2021-09-13,Gold
766,Theresa,Rodriguez,M,1976-02-25,loweryjames@hotmail.com,Brittneyview,Macedonia,2024-10-04,Silver
767,Michael,Walker,M,1965-12-19,nwebster@glover-hughes.biz,South Krista,French Guiana,2021-10-30,Silver
768,Rebecca,Harris,M,1972-01-17,yolandasummers@baker.info,North Victoria,Slovakia (Slovak Republic),2024-06-20,Bronze
769,Lindsay,Thompson,F,1991-05-25,kperez@yahoo.com,East Melissa,United States of America,2022-10-29,Bronze
770,Steven,Smith,M,1960-08-23,spearschristopher@buckley-pena.com,Seanmouth,Taiwan,2024-07-05,Bronze
771,Mark,Ramsey,M,1991-06-09,bakermary@gmail.com,Lake Pamela,American Samoa,2022-06-10,Gold
772,Edward,Holloway,F,1981-09-05,vlee@gmail.com,West Michael,Venezuela,2024-12-18,Gold
773,Melinda,Robinson,M,1962-10-09,caitlin59@hotmail.com,North Randybury,Sao Tome and Principe,2023-08-18,Silver
774,Luke,Campbell,M,1982-12-05,jack54@hotmail.com,Walkerhaven,Philippines,2024-04-30,Bronze
775,Matthew,Harris,F,1961-05-25,crossvalerie@gmail.com,New Jill,Barbados,2024-02-04,Bronze
776,Miranda,Miller,M,1971-01-15,rodney02@smith.net,Leachton,Costa Rica,2023-01-02,Bronze
777,Megan,Harris,F,1983-12-17,elizabethholland@gmail.com,East Jamesfurt,Bosnia and Herzegovina,2025-05-28,Bronze
778,Diana,Robinson,M,1967-11-16,vcruz@mendoza.biz,Greenview,Ireland,2023-07-29,Gold
779,Kimberly,Bates,M,2007-12-02,randallnichole@baldwin-haynes.net,Powellside,Hungary,2024-01-02,Silver
780,Mario,Harris,M,1995-09-13,guzmansandra@huerta.net,Martinezport,United Kingdom,2024-08-04,Silver
781,Julie,Davila,F,1957-05-17,ericgreene@yahoo.com,Port Renee,China,2021-05-30,Gold
782,Thomas,Pearson,F,1969-01-18,moorejames@diaz-barnes.com,East Alexandra,Gibraltar,2025-11-12,Bronze
783,Stephanie,Calderon,F,1965-09-21,susanbarron@yahoo.com,North Nicholastown,Angola,2021-04-23,Silver
784,Ryan,Bray,F,1962-05-01,joshua96@yahoo.com,New Katherine,Montenegro,2025-03-22,Silver
785,Jeffrey,Bonilla,M,2003-07-25,barbara73@young.com,Marybury,Mauritius,2024-03-10,Gold
786,Jake,Rodriguez,F,1986-11-16,dylan07@gmail.com,West Karenfort,Estonia,2021-10-30,Bronze
787,Rebecca,Yates,F,1961-11-05,carlosnash@yahoo.com,New Jerry,Anguilla,2026-01-02,Silver
788,Katherine,Cook,F,1972-04-27,mpierce@davis.com,Christophermouth,Tanzania,2022-03-15,Bronze
789,Sarah,Gonzales,M,1988-06-19,jason40@ruiz.net,Port Jameschester,Syrian Arab Republic,2022-06-27,Silver
790,Brittany,Smith,M,1971-07-23,mcgeeanna@smith.com,West Lesliefort,Croatia,2024-11-23,Gold
791,Melissa,Snyder,F,1983-08-12,peterdavidson@herman-sanders.org,New Matthew,American Samoa,2022-09-20,Bronze
792,Michael,Stanley,F,1975-08-17,alexanderjulie@yahoo.com,Blackfort,French Polynesia,2023-11-25,Gold
793,Janet,Davis,M,1981-12-18,uflowers@yahoo.com,Deborahhaven,Western Sahara,2025-01-09,Silver
794,Juan,Bond,F,1974-02-14,deborah42@smith-tran.net,Paulberg,Tunisia,2021-11-27,Gold
795,Alyssa,Pacheco,F,1989-09-19,kalexander@yahoo.com,Davidburgh,Solomon Islands,2023-02-28,Gold
796,Carolyn,Villa,F,1958-05-14,krausedustin@johnson-hunter.com,East Todd,Azerbaijan,2025-06-07,Gold
797,Scott,Sharp,F,1965-10-19,andrewgoodwin@miller.com,North Nicole,France,2025-03-09,Silver
798,Roger,Harvey,M,1962-05-15,stephaniecraig@gmail.com,Lake James,Comoros,2021-02-22,Bronze
799,Martin,Wheeler,M,1995-07-16,hclark@schmidt-henry.net,Lake Stacey,Myanmar,2025-02-10,Gold
800,Theresa,Smith,M,2007-12-24,walterscolin@miller-white.com,Lake Crystal,Libyan Arab Jamahiriya,2024-10-03,Bronze
801,Brian,Brown,F,1998-11-08,currychristopher@yahoo.com,Williamview,Tunisia,2021-06-15,Silver
802,Peter,Jensen,F,1959-11-13,david03@zamora-dickerson.com,Kevinbury,Tonga,2023-09-12,Bronze
803,Karen,Morris,M,1989-12-14,fbowman@hotmail.com,Dillonside,Latvia,2022-08-23,Gold
804,Jacob,Lee,M,2004-02-19,tararichards@hotmail.com,Rodriguezburgh,Panama,2023-04-10,Gold
805,Rachel,Peck,M,1983-02-01,andersondestiny@hotmail.com,New Sydneyberg,Norfolk Island,2022-11-01,Gold
806,Tara,Herrera,F,1979-07-18,wturner@cannon.com,North Martinstad,Bangladesh,2025-02-08,Gold
807,Debra,Chavez,M,1960-02-05,lauren61@gmail.com,Lake Richardville,Guyana,2025-07-18,Gold
808,Eric,Wolfe,F,1976-09-24,htorres@hotmail.com,New Curtis,Rwanda,2024-05-25,Gold
809,Jessica,Lopez,F,1996-01-16,chadharrison@hall.info,Ritaview,Iran,2024-12-19,Silver
810,Deborah,Jones,M,1960-04-12,gregorykaren@johnson-porter.net,South Christopherport,Botswana,2025-11-03,Silver
811,Tyler,Sullivan,M,1955-07-09,nvazquez@valencia.com,New Kenneth,United States of America,2025-06-30,Silver
812,Shannon,Young,F,1989-04-28,alexander96@chandler.com,North Robert,Tuvalu,2021-07-02,Bronze
813,Wayne,Stewart,M,1973-10-27,eoneal@lee-johnson.com,West Yvonne,Cocos (Keeling) Islands,2022-03-18,Bronze
814,Ronald,Price,M,1955-04-01,vincenthubbard@mcmillan.com,New Allisonview,Malta,2022-10-04,Silver
815,Paula,Davis,F,1998-08-20,tbutler@yahoo.com,Youngport,Myanmar,2021-12-03,Bronze
816,David,Jones,F,1981-08-08,xjones@hotmail.com,New Sarastad,Argentina,2025-05-09,Bronze
817,Sarah,Meadows,F,1965-02-10,steven82@martin.com,Downschester,Guinea,2025-07-16,Gold
818,Trevor,Fuentes,F,1987-07-18,jonesrichard@gmail.com,Aaronside,Timor-Leste,2024-07-06,Gold
819,Amanda,Jones,F,1975-05-25,taylorcharles@watson.com,Port Richardmouth,French Polynesia,2021-06-17,Bronze
820,Richard,Scott,M,1972-05-16,xfuller@gomez-blair.org,Gilbertton,Honduras,2021-07-11,Bronze
821,Amy,Jackson,F,1956-01-07,robertsolivia@hotmail.com,Tonyahaven,Armenia,2021-07-29,Silver
822,Melissa,Burgess,F,1962-08-07,robertjordan@hughes.com,Markfurt,Sweden,2022-09-03,Bronze
823,Tamara,Mclaughlin,F,2003-12-09,wilsonstephanie@gmail.com,Maryborough,Burundi,2023-07-26,Gold
824,Robert,Mcclure,M,1993-01-27,hintonmichael@hotmail.com,Lake William,Jordan,2021-12-29,Bronze
825,Grant,Hunter,F,1964-04-05,boonealexis@hotmail.com,Greenport,United Kingdom,2023-06-30,Silver
826,Rebecca,Houston,F,1998-04-12,justin94@gonzales.com,Parkerberg,Guinea,2021-11-12,Gold
827,Regina,Martinez,F,1999-12-20,davidhogan@price.net,East Larrybury,Zimbabwe,2021-07-15,Gold
828,Nancy,Bryan,M,1986-03-30,schroederstephanie@rivera-garcia.com,South Kimberly,Brunei Darussalam,2022-03-02,Gold
829,Shelly,Douglas,F,1981-04-01,joshua90@hotmail.com,Jacksonshire,Russian Federation,2025-08-18,Gold
830,Lauren,Parrish,F,1982-11-01,brandon14@gmail.com,New Roger,Sao Tome and Principe,2021-02-23,Bronze
831,Ruth,White,F,1975-05-24,aaronmullins@yahoo.com,Sarachester,Barbados,2023-02-11,Silver
832,Chris,Torres,M,1955-06-16,scottnathan@moore.com,New Robinport,Seychelles,2023-07-07,Bronze
833,Shari,Taylor,M,1961-03-17,david00@gmail.com,East Michael,Sudan,2025-08-23,Bronze
834,Michael,Collins,M,1989-10-16,gkeith@yahoo.com,North Mary,Estonia,2021-06-26,Gold
835,Austin,Underwood,M,1972-10-13,ofernandez@yahoo.com,Shannonshire,United States Minor Outlying Islands,2024-06-28,Silver
836,Ashley,Olsen,F,1962-06-17,joelmurphy@hotmail.com,South Guy,Burundi,2025-01-31,Gold
837,Alexandra,Foster,F,1984-08-02,keithhill@gmail.com,Kennethfort,Korea,2022-10-20,Bronze
838,Theresa,Delgado,M,1986-02-04,jonathan76@hotmail.com,Brianside,Slovenia,2022-07-29,Bronze
839,Denise,Obrien,M,1992-11-06,aparker@hotmail.com,Brandontown,India,2024-06-07,Gold
840,Joshua,Lopez,F,2000-01-26,garciabeth@gmail.com,Sandersmouth,Qatar,2025-03-16,Bronze
841,John,Jones,F,1976-02-11,nwalls@hall.com,East Elizabethside,Guadeloupe,2025-04-04,Bronze
842,Roberta,Martin,M,1992-09-14,hilllindsey@gmail.com,Tateshire,United States of America,2025-01-29,Gold
843,David,Francis,M,1962-12-04,dramirez@oconnell-cain.com,Schroederstad,Saint Pierre and Miquelon,2024-10-14,Bronze
844,Mario,Page,M,1974-05-07,sarah60@hall.org,Port Jeffery,New Zealand,2025-01-14,Silver
845,Michael,Mason,M,1962-05-27,garciachelsea@wallace.com,New Jeanneborough,Turkey,2025-06-18,Gold
846,Brett,Morrison,F,1978-07-14,nguyenjoshua@leach.org,Taylorfort,Congo,2021-12-11,Silver
847,Brent,Holloway,M,1970-08-21,rmccoy@carter.com,North Theresa,Tunisia,2024-10-25,Bronze
848,Michelle,Miranda,M,1987-12-13,davisdaniel@hotmail.com,Floresfurt,Mauritius,2021-11-16,Bronze
849,Bradley,Ramirez,F,1968-01-05,radams@frye.com,East Katherinetown,Bouvet Island (Bouvetoya),2025-12-25,Gold
850,Erica,Miller,F,1992-11-30,uwilson@murphy.com,North Annettetown,Dominica,2024-11-16,Bronze
851,Mary,Thompson,F,1994-01-03,uhuff@harris-lane.com,Joannstad,Lebanon,2023-09-20,Gold
852,Kaitlin,Cortez,F,1979-11-11,karenallison@graham.org,North Craig,Jordan,2025-09-30,Gold
853,Jeremy,Alexander,F,2003-11-29,hwilliams@stanley-wilson.info,Sabrinaview,Saint Kitts and Nevis,2024-01-26,Gold
854,Adam,Fowler,M,1987-03-15,emassey@hotmail.com,Lisaland,United Arab Emirates,2024-09-03,Gold
855,Leslie,Lee,M,1991-04-29,qthompson@brown.biz,Lake Allison,Vanuatu,2024-04-08,Gold
856,Krystal,Leach,M,1956-02-05,caseynicholas@yahoo.com,Lake Johnton,Monaco,2023-05-30,Silver
857,Sandra,Howe,F,1991-05-05,hleach@gmail.com,Williamschester,Gibraltar,2022-04-15,Gold
858,Kenneth,Mclean,M,1994-05-29,roberthurst@payne-harris.com,Jenniferside,Kiribati,2021-10-08,Silver
859,Nancy,Luna,F,1992-12-18,kimberlyharris@vargas.info,Lovetown,Montenegro,2024-06-01,Bronze
860,Denise,Ramos,M,1975-05-12,ghall@gmail.com,Port Cassandraberg,Niue,2023-02-23,Gold
861,William,Drake,M,2001-10-01,danieltom@hotmail.com,Lake Ronaldshire,Cayman Islands,2023-03-06,Bronze
862,Seth,Macias,F,1958-04-24,wwilkinson@hunt-mccarthy.com,Sheilaton,Lesotho,2023-05-26,Gold
863,Ronald,Williams,F,1979-03-20,christopher79@anderson.com,Lake April,Sweden,2021-02-06,Silver
864,Sabrina,Marsh,M,1968-06-05,ann03@yahoo.com,South Brian,Romania,2024-10-03,Silver
865,Jacqueline,Sims,M,1979-03-01,alyssa52@roach.com,Cobbview,Vanuatu,2022-06-20,Silver
866,Amanda,Taylor,M,1972-08-30,pfuller@yahoo.com,Lorettamouth,Philippines,2025-08-27,Bronze
867,Samantha,Wagner,M,1975-11-15,connie34@porter.com,Elliottville,Tajikistan,2021-03-21,Gold
868,Sue,Watson,M,1957-06-24,alejandrodelgado@castillo.org,West Jeremy,Papua New Guinea,2021-08-24,Bronze
869,Catherine,Miranda,F,1991-12-16,richardsderek@hotmail.com,West Julie,Thailand,2022-07-20,Silver
870,Kathleen,Chen,F,1957-03-30,carmen11@yahoo.com,North Erin,French Polynesia,2023-08-06,Bronze
871,Sarah,Lopez,F,1967-01-27,jmcdonald@gmail.com,Lake Renee,Mauritania,2023-02-26,Silver
872,Grace,Evans,F,1959-01-04,smithcarolyn@bailey-stevenson.com,Dustinbury,Saint Barthelemy,2025-11-04,Silver
873,John,Bowen,M,1971-04-01,chapmanjacob@gmail.com,Russellchester,El Salvador,2025-08-22,Silver
874,Daniel,Jackson,M,1964-07-07,juliemercado@yahoo.com,Paulton,Russian Federation,2021-11-05,Gold
875,Jack,Owens,F,1987-03-30,rickywatson@dixon.com,East Donald,Burkina Faso,2024-11-13,Gold
876,Jerry,Pierce,M,1976-10-28,kelly63@delgado.info,South Jennifer,Senegal,2022-08-31,Silver
877,Adam,Bates,F,2001-03-20,angelakennedy@gmail.com,Blackwellville,Antarctica (the territory South of 60 deg S),2024-01-02,Bronze
878,Stephanie,Fisher,M,1966-11-01,edwardssylvia@hotmail.com,Peggybury,Yemen,2024-07-05,Bronze
879,Christopher,Perkins,M,1969-09-30,april88@yahoo.com,Danaborough,Bolivia,2025-06-05,Gold
880,Nathan,Mcbride,M,1976-04-23,dserrano@gmail.com,North Christina,Timor-Leste,2025-12-27,Silver
881,Teresa,Perez,F,1973-04-12,anthonysanchez@gmail.com,Gabrielport,Turks and Caicos Islands,2023-12-09,Bronze
882,Donald,Wu,F,1985-01-08,pwu@yahoo.com,Craigberg,Qatar,2021-02-17,Silver
883,Jaime,Phillips,F,1992-11-03,brownjohn@brown-love.com,New Michelemouth,Samoa,2024-02-29,Bronze
884,Derek,Lopez,F,1959-03-25,tiffanymorgan@nguyen.com,New Paul,Isle of Man,2022-10-26,Gold
885,Roberto,Hodge,M,1955-04-28,sydneyking@hotmail.com,South Victoriaburgh,Trinidad and Tobago,2023-12-14,Silver
886,Christopher,Sherman,M,1976-03-31,wagnerchad@hart.com,Katherineville,Wallis and Futuna,2021-04-12,Silver
887,Katrina,Evans,M,1993-08-15,kescobar@rodriguez-jones.net,Pattymouth,Uruguay,2024-08-01,Bronze
888,Steve,Cross,M,2006-01-06,inewton@yahoo.com,Jamieborough,Timor-Leste,2025-08-02,Bronze
889,James,Green,F,2000-08-15,wilsonjoann@barnes.com,Jacksonside,Palau,2022-07-30,Bronze
890,Michael,Gonzalez,M,2001-05-08,tammymartin@yahoo.com,Lake Richard,Bulgaria,2023-09-01,Silver
891,Andrew,Anderson,M,1989-10-20,jacobmcconnell@reyes-brown.com,Robertsstad,Serbia,2022-05-16,Gold
892,Courtney,Martin,M,1969-11-12,xpeters@yahoo.com,Jacksonside,Czech Republic,2024-05-20,Gold
893,Noah,Carter,F,1992-03-28,jvasquez@gmail.com,Clarkechester,Ireland,2024-02-10,Bronze
894,Stacy,Reyes,F,1974-07-05,brownbecky@austin-neal.com,New Joel,Switzerland,2024-11-01,Gold
895,Benjamin,Rodriguez,F,1978-12-06,xromero@gmail.com,Smithberg,Moldova,2024-11-03,Bronze
896,Marvin,Hicks,M,1987-08-29,catherine05@yahoo.com,East Michael,Belize,2024-08-18,Gold
897,Miranda,Richards,F,1996-07-20,wilsonmichael@gmail.com,Darrenchester,Monaco,2025-10-03,Silver
898,Joseph,Warren,M,1958-01-02,hilldonald@rogers-hughes.info,East Amy,Slovenia,2023-03-07,Bronze
899,Wendy,Miles,M,2007-01-06,emcdonald@davila.com,Kevinport,Gibraltar,2025-08-09,Gold
900,Michaela,Conner,M,1958-12-28,bridget39@yahoo.com,Kylehaven,Albania,2021-02-13,Silver
901,Megan,Stein,F,1994-07-04,ashley26@maldonado-wyatt.net,Warnertown,Togo,2024-05-21,Gold
902,Kimberly,Mcguire,F,1988-05-02,michael36@yahoo.com,Samuelberg,Timor-Leste,2022-05-24,Silver
903,William,Smith,M,2002-02-18,fullerjohn@hotmail.com,Raymondtown,Norfolk Island,2025-04-10,Silver
904,Jason,Rodriguez,M,1978-10-31,patriciasullivan@moran.com,Lopezmouth,Iceland,2021-02-13,Gold
905,Adrian,Lambert,F,1988-10-05,danacox@hotmail.com,Petershire,Reunion,2021-11-20,Gold
906,Eric,Daniels,F,1966-05-22,andrewdean@stewart-acevedo.com,New Jessica,Niger,2024-07-02,Silver
907,Christian,Duffy,F,1965-01-10,christopher29@chan.com,Jessicaside,French Polynesia,2025-03-10,Silver
908,Charles,Castaneda,M,1975-04-29,tprince@ayers.org,Christopherton,Bulgaria,2023-03-25,Silver
909,Kayla,Wilson,M,1992-10-16,johnfrank@yahoo.com,New Janiceborough,Guyana,2022-03-21,Bronze
910,James,Williams,M,1973-05-30,raymondwoods@cook.com,Douglaschester,Guinea-Bissau,2024-08-07,Silver
911,Kevin,Warner,F,2004-11-02,ichan@hotmail.com,Franklinside,Rwanda,2022-03-31,Bronze
912,Leah,Walker,F,1975-03-05,morgan13@yahoo.com,Youngton,Denmark,2023-07-10,Silver
913,Nicholas,Ramos,F,1990-09-21,jordanryan@yahoo.com,East Melissa,French Polynesia,2023-05-24,Bronze
914,Christopher,Marsh,M,1984-07-28,kbarnes@underwood.net,South Joseph,Mayotte,2026-01-07,Silver
915,Dennis,Clay,M,1974-11-26,eharper@hotmail.com,Lake Michael,Swaziland,2024-10-02,Silver
916,Katrina,Munoz,F,1976-05-19,hayneskendra@roberts.com,Rayfurt,Italy,2021-01-13,Silver
917,Joanna,Garcia,M,1955-06-25,dharris@johnson.com,Susanbury,British Indian Ocean Territory (Chagos Archipelago),2023-07-25,Gold
918,Gregory,Hamilton,F,2005-05-15,michelle16@graham.com,Pooletown,Togo,2025-07-20,Gold
919,Lisa,Carroll,M,1955-08-06,basssusan@bailey-green.biz,Anthonytown,Bolivia,2023-12-26,Silver
920,Julie,Thompson,F,1983-07-29,jasminewalters@patterson.org,Brittanyburgh,El Salvador,2021-12-31,Bronze
921,Rachael,Barajas,M,1978-06-25,nunezrandall@castro.net,Antoniochester,Reunion,2024-07-19,Bronze
922,Donna,Calderon,M,1982-09-22,hcalhoun@gmail.com,North Dawn,Guernsey,2025-06-09,Silver
923,Amy,Cross,F,2004-02-07,sharon27@yahoo.com,Meganmouth,Tunisia,2024-09-16,Gold
924,Austin,Miller,F,1993-06-21,marycook@ellison.com,Thomaston,Holy See (Vatican City State),2023-12-14,Bronze
925,Raymond,Garrett,F,1969-04-01,ronaldfernandez@schneider-tran.com,Richardhaven,Ethiopia,2022-02-04,Gold
926,Erik,Acevedo,F,1996-10-31,lisa85@little.com,Anthonybury,Malawi,2024-12-29,Bronze
927,Cindy,Campbell,F,1992-12-25,zcruz@yahoo.com,Port Richard,Saint Helena,2024-06-13,Silver
928,Sean,Mcdonald,M,1963-12-11,todd35@gmail.com,South Nancy,Slovakia (Slovak Republic),2025-11-19,Gold
929,Timothy,Stout,F,1957-10-24,joneskimberly@hotmail.com,North Nicoleport,Jersey,2021-10-11,Bronze
930,Brian,Martin,F,1990-07-27,summer60@washington.com,Lake Michaelmouth,Nigeria,2024-10-22,Silver
931,Miranda,Wiggins,F,1999-06-09,christophersmith@davis.com,Melissamouth,Kazakhstan,2024-12-18,Silver
932,Robert,Compton,M,1962-07-07,carlosrubio@johnson.com,Port Sarahaven,Guatemala,2022-06-08,Silver
933,Jeffrey,Houston,F,1981-01-18,jasmine74@hotmail.com,Valdezton,Slovakia (Slovak Republic),2021-09-30,Gold
934,Michael,Strickland,F,1971-09-29,jjohnson@yahoo.com,West Danielbury,Cocos (Keeling) Islands,2021-02-25,Gold
935,Jill,Smith,F,1973-06-16,garretttravis@elliott.com,Frenchton,Lesotho,2023-06-09,Silver
936,Stephanie,Hernandez,M,1981-10-10,brookseugene@gmail.com,Sheilaside,Niger,2022-04-16,Gold
937,Emily,Bender,M,1979-12-08,barrettstephanie@hotmail.com,Patrickville,Montserrat,2025-10-18,Bronze
938,Sydney,Silva,F,1964-04-05,dianecohen@gmail.com,Clementschester,Saint Pierre and Miquelon,2024-06-06,Silver
939,Gloria,Matthews,M,1983-05-09,jamesward@wise.info,New Rebekahhaven,Swaziland,2025-06-25,Silver
940,Keith,Buchanan,F,1958-12-24,dylankeith@byrd-hughes.info,Donnaland,Antigua and Barbuda,2023-10-08,Gold
941,Heidi,Rogers,M,1958-12-27,chowe@hotmail.com,North Brendaville,Kyrgyz Republic,2023-04-22,Silver
942,Michael,Smith,F,1967-12-28,imathews@roach.com,Burnsland,Bahamas,2022-01-19,Bronze
943,Joseph,Williams,M,1981-11-08,dperez@evans-ortiz.com,Gatesfurt,Andorra,2025-11-25,Gold
944,Dustin,Gordon,F,1973-09-21,david56@phillips-nixon.com,South Austin,Romania,2024-07-12,Gold
945,Jessica,Beasley,F,1970-04-15,sean41@fisher.net,Phillipstown,Australia,2025-08-13,Silver
946,Casey,Davis,M,1969-11-12,christinavargas@duran.com,East Cory,New Zealand,2023-01-01,Silver
947,Joshua,Garcia,F,1985-01-13,estesgregory@gmail.com,Andersonburgh,Guinea,2022-01-18,Silver
948,Paul,Dougherty,F,1981-12-11,nathan72@hotmail.com,Mercerville,Bhutan,2021-06-30,Gold
949,Nathan,Johnson,F,1965-01-12,kcruz@hunter-parker.com,Theresaland,Brunei Darussalam,2021-10-24,Silver
950,Sarah,Jones,F,1972-10-30,amybuck@hotmail.com,Rodriguezfort,Eritrea,2024-04-09,Bronze
951,Edward,Dickerson,M,1973-11-12,jeremy51@young.net,Shawmouth,Hong Kong,2022-09-17,Silver
952,Scott,Miller,F,1993-05-13,jensentony@solis.com,Port Aaronhaven,Bosnia and Herzegovina,2022-05-02,Silver
953,Samantha,Davis,M,1961-04-08,karen14@gmail.com,Michellemouth,Djibouti,2025-02-18,Gold
954,Kimberly,Smith,M,1959-07-15,jenna23@byrd-valenzuela.com,East Anna,Greece,2022-02-07,Silver
955,Lance,Kim,M,1994-05-20,oscarbarnes@martinez-sandoval.com,Patriciaview,Indonesia,2023-12-28,Gold
956,Christian,Peters,M,1969-10-06,mwilliams@gmail.com,East Jeanettehaven,Bangladesh,2025-05-13,Silver
957,Jeremy,Sharp,F,2002-05-21,stephaniecoleman@gmail.com,Adamberg,Niger,2025-01-31,Bronze
958,Zachary,Rios,F,1969-09-04,micheleporter@rodriguez.com,New Seantown,El Salvador,2025-06-17,Bronze
959,Robert,Vincent,M,1985-05-01,elewis@gmail.com,Carrolltown,Tanzania,2023-02-18,Gold
960,Jessica,Anderson,F,1967-06-17,eugene74@yahoo.com,East Michelleport,Brunei Darussalam,2025-12-25,Gold
961,Christina,Bauer,M,1990-08-21,leekenneth@mills.biz,Tonyport,Comoros,2025-09-03,Silver
962,Tiffany,Perkins,F,1996-03-31,tyler44@sweeney.com,South Nancymouth,Tajikistan,2024-07-30,Silver
963,Theodore,White,F,1983-03-17,danielgonzales@jimenez.com,Christopherton,Suriname,2023-01-31,Bronze
964,Joseph,Stone,F,1965-01-08,pshaw@gmail.com,Cooperfort,Benin,2022-08-01,Silver
965,Michael,Mendoza,M,1982-01-07,mistyjoseph@gmail.com,Evelynmouth,Bulgaria,2021-10-17,Bronze
966,Justin,Green,M,1999-05-11,vicki86@yahoo.com,East Adam,Azerbaijan,2024-03-24,Gold
967,Gregory,Mack,F,1989-10-19,adam70@morrow.com,North Angela,Bangladesh,2022-10-06,Silver
968,Gregory,Schmitt,M,1988-12-15,zmarsh@yahoo.com,Wilsonton,Heard Island and McDonald Islands,2024-10-30,Gold
969,Laura,Smith,M,1996-05-15,kevin67@james.biz,Aliciaberg,Jersey,2021-12-31,Silver
970,Ashley,Schwartz,F,1975-02-13,lyonsluke@jones.com,Lake Gary,French Southern Territories,2023-02-24,Bronze
971,Thomas,Graves,M,1955-01-31,michael26@williams.com,North Faithland,French Southern Territories,2024-01-14,Gold
972,Daniel,Nelson,F,1983-05-15,ewalters@stone.com,Nelsonmouth,Isle of Man,2024-03-24,Gold
973,Patrick,Barr,F,1968-03-15,rachel75@hotmail.com,Derekmouth,Burkina Faso,2024-03-27,Silver
974,Bryan,Gray,F,1968-08-28,hansonrobert@yahoo.com,Kaylatown,Solomon Islands,2024-12-08,Gold
975,Tyler,Brown,M,1980-05-15,bruceweber@gmail.com,North David,French Polynesia,2021-11-14,Bronze
976,Kevin,Perry,F,1988-01-11,thomaspaul@hotmail.com,New Robert,Italy,2021-03-02,Gold
977,Joann,Hicks,F,1996-12-09,amy38@yahoo.com,North Courtney,New Zealand,2023-10-31,Gold
978,Tyler,Johnson,M,1963-05-01,froth@gmail.com,Lake Ashley,Saudi Arabia,2021-11-08,Silver
979,Shelly,Chang,M,2003-03-30,nlamb@sherman.com,South Victoria,Malawi,2021-03-06,Gold
980,Debra,Edwards,M,1971-06-27,hardingmelissa@yahoo.com,Martinmouth,Turkey,2024-02-27,Silver
981,Adam,Anderson,M,1987-05-16,ricky87@hotmail.com,Angelicaton,Guinea-Bissau,2022-06-14,Silver
982,Harry,Burgess,F,1984-10-10,clarkmichelle@yahoo.com,Delacruzstad,Niue,2022-11-17,Gold
983,Louis,Rice,M,2007-08-22,elliscody@chung.com,North Feliciamouth,Korea,2024-05-28,Bronze
984,Holly,Reid,M,1974-07-16,johnwalker@hotmail.com,Lake Nicolestad,Hungary,2023-08-29,Silver
985,Matthew,Price,M,1979-10-25,obrown@gmail.com,South Stephaniemouth,Kuwait,2023-08-28,Gold
986,Xavier,Williamson,M,1965-01-18,rebeccarose@hotmail.com,Lake Danielleview,Estonia,2022-03-04,Silver
987,Chad,Schneider,F,1976-06-06,thompsonmatthew@gmail.com,South Mary,Maldives,2024-04-06,Bronze
988,George,Walker,M,1985-02-22,lmiller@hotmail.com,Craigchester,Luxembourg,2025-07-14,Bronze
989,Jasmine,Walker,F,1988-05-31,timothybrown@hotmail.com,South Jay,Bangladesh,2023-04-17,Silver
990,Gabriela,Lewis,M,1980-03-09,amywise@salas-jones.com,Briggsmouth,Slovakia (Slovak Republic),2023-09-27,Bronze
991,Christopher,Gonzalez,F,1989-04-09,samanthabeasley@hotmail.com,Lake Tonystad,Svalbard & Jan Mayen Islands,2022-10-09,Gold
992,Jeffrey,Moran,F,1992-12-07,mikecastro@jacobs.com,Lake Christine,Brunei Darussalam,2023-02-21,Gold
993,James,Nguyen,M,1982-09-10,smithshelley@dudley.com,Atkinsontown,Namibia,2022-07-15,Silver
994,Hayley,Burns,F,1972-08-22,briancraig@evans.biz,Perryside,Tanzania,2025-07-29,Bronze
995,Michele,Davis,M,1970-07-25,garciaholly@yahoo.com,Kevinchester,Saudi Arabia,2023-07-02,Gold
996,Robert,Martin,F,1987-12-10,samuel00@smith.com,Davidmouth,Bangladesh,2025-05-11,Gold
997,Kevin,Lang,F,1957-01-10,shawmatthew@hotmail.com,West Kevinmouth,Malaysia,2021-11-19,Gold
998,David,Wall,F,1967-02-22,samuel99@fuller-stone.org,East Kristy,Guatemala,2023-12-23,Silver
999,April,Jackson,M,2002-06-09,timothy57@ingram.com,South Susan,Estonia,2025-09-26,Silver
1000,David,Mckinney,F,1983-02-09,thomaslisa@gmail.com,New Joemouth,Germany,2021-02-07,Gold
